log_timestamp_verbose,log_timestamp_posix,timestamp_verbose,timestamp_posix,temporaryId,secMark,latitude,longitude,elevation,speed,heading,type,length,width,onmap_status,position_on_map,current_approach,current_lane,current_signal_group,dist_to_stopbar
2023-10-08 16:16:36.652955,1696796196.6529753,2023-10-08 20:16:36.651,1696796196.651806,-632621188,36.602,40.4383262,-86.9187763,178.5,3.0,157.0,0,314,159,True,inbound,3,5,2,61.51
2023-10-08 16:16:36.844174,1696796196.8441916,2023-10-08 20:16:36.843,1696796196.84325,-632621188,36.794,40.4383205,-86.9187737,178.4,3.0,161.0,0,314,159,True,inbound,3,5,2,60.84
2023-10-08 16:16:37.036979,1696796197.0370038,2023-10-08 20:16:37.35,1696796197.035994,-632621188,36.986,40.4383147,-86.9187715,178.4,4.0,164.0,0,314,159,True,inbound,3,5,2,60.18
2023-10-08 16:16:37.241943,1696796197.2419605,2023-10-08 20:16:37.241,1696796197.241041,-632621188,37.191,40.4383058,-86.9187677,178.3,4.0,166.0,0,314,159,True,inbound,3,5,2,59.14
2023-10-08 16:16:37.439290,1696796197.439306,2023-10-08 20:16:37.438,1696796197.438399,-632621188,37.389,40.438299,-86.9187655,178.3,4.0,167.0,0,314,159,True,inbound,3,5,2,58.36
2023-10-08 16:16:37.636960,1696796197.6369777,2023-10-08 20:16:37.636,1696796197.636036,-632621188,37.586,40.4382897,-86.918762,178.2,4.0,167.0,0,314,159,True,inbound,3,5,2,57.28
2023-10-08 16:16:37.833324,1696796197.8333416,2023-10-08 20:16:37.832,1696796197.83242,-632621188,37.783,40.4382824,-86.9187598,178.2,4.0,168.0,0,314,159,True,inbound,3,5,2,56.45
2023-10-08 16:16:38.029796,1696796198.0298147,2023-10-08 20:16:38.28,1696796198.028834,-632621188,37.98,40.4382748,-86.9187575,178.2,4.0,168.0,0,314,159,True,inbound,3,5,2,55.58
2023-10-08 16:16:38.230231,1696796198.2302477,2023-10-08 20:16:38.229,1696796198.229286,-632621188,38.179,40.4382647,-86.918754,178.1,5.0,167.0,0,314,159,True,inbound,3,5,2,54.42
2023-10-08 16:16:38.436486,1696796198.4365025,2023-10-08 20:16:38.435,1696796198.435487,-632621188,38.387,40.4382561,-86.9187514,178.0,5.0,167.0,0,314,159,True,inbound,3,5,2,53.45
2023-10-08 16:16:38.641721,1696796198.6417372,2023-10-08 20:16:38.640,1696796198.640765,-632621188,38.591,40.4382463,-86.9187483,178.0,5.0,167.0,0,314,159,True,inbound,3,5,2,52.33
2023-10-08 16:16:38.841097,1696796198.8411126,2023-10-08 20:16:38.840,1696796198.840155,-632621188,38.79,40.4382378,-86.9187457,177.9,5.0,167.0,0,314,159,True,inbound,3,5,2,51.36
2023-10-08 16:16:39.035836,1696796199.035853,2023-10-08 20:16:39.34,1696796199.034935,-632621188,38.985,40.4382294,-86.9187431,177.9,5.0,167.0,0,314,159,True,inbound,3,5,2,50.4
2023-10-08 16:16:39.237991,1696796199.2380068,2023-10-08 20:16:39.237,1696796199.237095,-632621188,39.187,40.438219,-86.9187397,177.8,5.0,167.0,0,314,159,True,inbound,3,5,2,49.21
2023-10-08 16:16:39.427135,1696796199.4271514,2023-10-08 20:16:39.426,1696796199.426252,-632621188,39.378,40.4382105,-86.918737,177.8,5.0,167.0,0,314,159,True,inbound,3,5,2,48.23
2023-10-08 16:16:39.627004,1696796199.627021,2023-10-08 20:16:39.626,1696796199.626088,-632621188,39.576,40.4382007,-86.9187336,177.7,5.0,167.0,0,314,159,True,inbound,3,5,2,47.12
2023-10-08 16:16:39.827265,1696796199.8272812,2023-10-08 20:16:39.826,1696796199.826373,-632621188,39.777,40.4381916,-86.9187307,177.7,5.0,167.0,0,314,159,True,inbound,3,5,2,46.07
2023-10-08 16:16:40.025834,1696796200.0258522,2023-10-08 20:16:40.24,1696796200.024883,-632621188,39.975,40.4381826,-86.9187279,177.6,5.0,167.0,0,314,159,True,inbound,3,5,2,45.05
2023-10-08 16:16:40.223965,1696796200.2239826,2023-10-08 20:16:40.223,1696796200.223069,-632621188,40.173,40.438173,-86.9187249,177.6,5.0,167.0,0,314,159,True,inbound,3,5,2,43.96
2023-10-08 16:16:40.420527,1696796200.4205434,2023-10-08 20:16:40.419,1696796200.419563,-632621188,40.37,40.4381638,-86.9187221,177.5,5.0,167.0,0,314,159,True,inbound,3,5,2,42.91
2023-10-08 16:16:40.623004,1696796200.6230206,2023-10-08 20:16:40.622,1696796200.622078,-632621188,40.572,40.4381541,-86.9187184,177.5,6.0,167.0,0,314,159,True,inbound,3,5,2,41.79
2023-10-08 16:16:40.820384,1696796200.8204012,2023-10-08 20:16:40.819,1696796200.819408,-632621188,40.77,40.4381449,-86.9187154,177.4,5.0,166.0,0,314,159,True,inbound,3,5,2,40.74
2023-10-08 16:16:41.022018,1696796201.0220346,2023-10-08 20:16:41.21,1696796201.021081,-632621188,40.971,40.4381355,-86.9187124,177.4,5.0,166.0,0,314,159,True,inbound,3,5,2,39.66
2023-10-08 16:16:41.216054,1696796201.2160714,2023-10-08 20:16:41.215,1696796201.215156,-632621188,41.166,40.4381262,-86.9187084,177.3,5.0,166.0,0,314,159,True,inbound,3,5,2,38.57
2023-10-08 16:16:41.417490,1696796201.4175076,2023-10-08 20:16:41.416,1696796201.416546,-632621188,41.368,40.4381166,-86.9187051,177.3,5.0,166.0,0,314,159,True,inbound,3,5,2,37.48
2023-10-08 16:16:41.623868,1696796201.6238856,2023-10-08 20:16:41.622,1696796201.622949,-632621188,41.573,40.4381065,-86.9187006,177.3,6.0,165.0,0,314,159,True,inbound,3,5,2,36.29
2023-10-08 16:16:41.824464,1696796201.8244805,2023-10-08 20:16:41.823,1696796201.823429,-632621188,41.772,40.4380972,-86.9186973,177.2,5.0,165.0,0,314,159,True,inbound,3,5,2,35.21
2023-10-08 16:16:42.020769,1696796202.020785,2023-10-08 20:16:42.19,1696796202.019876,-632621188,41.971,40.4380879,-86.918694,177.2,5.0,165.0,0,314,159,True,inbound,3,5,2,34.14
2023-10-08 16:16:42.218292,1696796202.2183099,2023-10-08 20:16:42.217,1696796202.21743,-632621188,42.168,40.438077,-86.9186899,177.1,6.0,165.0,0,314,159,True,inbound,3,5,2,32.88
2023-10-08 16:16:42.417629,1696796202.4176464,2023-10-08 20:16:42.416,1696796202.416684,-632621188,42.368,40.4380676,-86.9186866,177.1,5.0,165.0,0,314,159,True,inbound,3,5,2,31.81
2023-10-08 16:16:42.615994,1696796202.6160157,2023-10-08 20:16:42.615,1696796202.615077,-632621188,42.565,40.4380575,-86.9186828,177.0,6.0,165.0,0,314,159,True,inbound,3,5,2,30.63
2023-10-08 16:16:42.821480,1696796202.8214974,2023-10-08 20:16:42.820,1696796202.820475,-632621188,42.771,40.4380481,-86.9186794,177.0,5.0,165.0,0,314,159,True,inbound,3,5,2,29.55
2023-10-08 16:16:43.020830,1696796203.0208466,2023-10-08 20:16:43.19,1696796203.019902,-632621188,42.97,40.4380391,-86.9186763,177.0,5.0,165.0,0,314,159,True,inbound,3,5,2,28.52
2023-10-08 16:16:43.224222,1696796203.2242405,2023-10-08 20:16:43.223,1696796203.223298,-632621188,43.174,40.4380284,-86.9186722,176.9,5.0,165.0,0,314,159,True,inbound,3,5,2,27.28
2023-10-08 16:16:43.433144,1696796203.4331627,2023-10-08 20:16:43.432,1696796203.432146,-632621188,43.383,40.4380193,-86.9186691,176.9,5.0,165.0,0,314,159,True,inbound,3,5,2,26.24
2023-10-08 16:16:43.628591,1696796203.6286147,2023-10-08 20:16:43.627,1696796203.627515,-632621188,43.578,40.4380102,-86.9186658,176.9,5.0,166.0,0,314,159,True,inbound,3,5,2,25.19
2023-10-08 16:16:43.835988,1696796203.8360102,2023-10-08 20:16:43.834,1696796203.835004,-632621188,43.785,40.438002,-86.9186631,176.8,5.0,166.0,0,314,159,True,inbound,3,5,2,24.25
2023-10-08 16:16:44.038858,1696796204.038888,2023-10-08 20:16:44.37,1696796204.03765,-632621188,43.987,40.4379944,-86.9186606,176.8,4.0,166.0,0,314,159,True,inbound,3,5,2,23.39
2023-10-08 16:16:44.236731,1696796204.2367492,2023-10-08 20:16:44.235,1696796204.235846,-632621188,44.187,40.4379871,-86.9186576,176.7,4.0,166.0,0,314,159,True,inbound,3,5,2,22.54
2023-10-08 16:16:44.444994,1696796204.4450157,2023-10-08 20:16:44.444,1696796204.444054,-632621188,44.395,40.4379802,-86.9186553,176.7,4.0,166.0,0,314,159,True,inbound,3,5,2,21.74
2023-10-08 16:16:44.648692,1696796204.6487079,2023-10-08 20:16:44.647,1696796204.647741,-632621188,44.597,40.4379742,-86.9186528,176.7,4.0,166.0,0,314,159,True,inbound,3,5,2,21.04
2023-10-08 16:16:44.846954,1696796204.8469703,2023-10-08 20:16:44.846,1696796204.846058,-632621188,44.796,40.4379684,-86.9186508,176.7,3.0,166.0,0,314,159,True,inbound,3,5,2,20.38
2023-10-08 16:16:45.045198,1696796205.0452147,2023-10-08 20:16:45.44,1696796205.04429,-632621188,44.994,40.437963,-86.918649,176.7,3.0,166.0,0,314,159,True,inbound,3,5,2,19.76
2023-10-08 16:16:45.249711,1696796205.2497287,2023-10-08 20:16:45.248,1696796205.248778,-632621188,45.199,40.4379587,-86.9186472,176.6,3.0,166.0,0,314,159,True,inbound,3,5,2,19.26
2023-10-08 16:16:45.451874,1696796205.4518905,2023-10-08 20:16:45.450,1696796205.450944,-632621188,45.401,40.4379539,-86.9186457,176.6,3.0,166.0,0,314,159,True,inbound,3,5,2,18.71
2023-10-08 16:16:45.648014,1696796205.64803,2023-10-08 20:16:45.647,1696796205.647052,-632621188,45.597,40.4379507,-86.9186446,176.6,3.0,166.0,0,314,159,True,inbound,3,5,2,18.34
2023-10-08 16:16:45.851816,1696796205.851833,2023-10-08 20:16:45.850,1696796205.85093,-632621188,45.801,40.4379467,-86.9186432,176.6,2.0,166.0,0,314,159,True,inbound,3,5,2,17.88
2023-10-08 16:16:46.052256,1696796206.0522726,2023-10-08 20:16:46.51,1696796206.051281,-632621188,46.002,40.437944,-86.9186422,176.5,2.0,166.0,0,314,159,True,inbound,3,5,2,17.57
2023-10-08 16:16:46.257792,1696796206.2578092,2023-10-08 20:16:46.256,1696796206.25681,-632621188,46.207,40.4379407,-86.9186411,176.5,2.0,166.0,0,314,159,True,inbound,3,5,2,17.19
2023-10-08 16:16:46.459157,1696796206.4591746,2023-10-08 20:16:46.458,1696796206.458257,-632621188,46.409,40.4379377,-86.9186401,176.5,2.0,166.0,0,314,159,True,inbound,3,5,2,16.85
2023-10-08 16:16:46.665805,1696796206.665823,2023-10-08 20:16:46.664,1696796206.664831,-632621188,46.615,40.4379345,-86.9186389,176.5,2.0,166.0,0,314,159,True,inbound,3,5,2,16.48
2023-10-08 16:16:46.861951,1696796206.861968,2023-10-08 20:16:46.861,1696796206.861041,-632621188,46.811,40.4379316,-86.9186378,176.5,2.0,166.0,0,314,159,True,inbound,3,5,2,16.14
2023-10-08 16:16:47.061167,1696796207.061184,2023-10-08 20:16:47.60,1696796207.060352,-632621188,47.01,40.4379285,-86.9186368,176.5,2.0,166.0,0,314,159,True,inbound,3,5,2,15.8
2023-10-08 16:16:47.259763,1696796207.2597811,2023-10-08 20:16:47.258,1696796207.258819,-632621188,47.21,40.4379265,-86.9186362,176.4,2.0,166.0,0,314,159,True,inbound,3,5,2,15.58
2023-10-08 16:16:47.458420,1696796207.4584372,2023-10-08 20:16:47.457,1696796207.457515,-632621188,47.407,40.4379237,-86.9186353,176.4,2.0,166.0,0,314,159,True,inbound,3,5,2,15.26
2023-10-08 16:16:47.661410,1696796207.6614249,2023-10-08 20:16:47.660,1696796207.660532,-632621188,47.611,40.4379199,-86.9186337,176.4,2.0,166.0,0,314,159,True,inbound,3,5,2,14.8
2023-10-08 16:16:47.852803,1696796207.8528197,2023-10-08 20:16:47.851,1696796207.851842,-632621188,47.802,40.4379175,-86.9186329,176.4,2.0,166.0,0,314,159,True,inbound,3,5,2,14.54
2023-10-08 16:16:48.052231,1696796208.0522506,2023-10-08 20:16:48.51,1696796208.051317,-632621188,48.001,40.4379149,-86.9186319,176.4,1.0,166.0,0,314,159,True,inbound,3,5,2,14.23
2023-10-08 16:16:48.254474,1696796208.254489,2023-10-08 20:16:48.253,1696796208.253577,-632621188,48.205,40.4379128,-86.9186312,176.4,1.0,166.0,0,314,159,True,inbound,3,5,2,14.0
2023-10-08 16:16:48.453973,1696796208.4539905,2023-10-08 20:16:48.453,1696796208.453068,-632621188,48.403,40.4379108,-86.9186305,176.4,1.0,166.0,0,314,159,True,inbound,3,5,2,13.76
2023-10-08 16:16:48.652115,1696796208.6521366,2023-10-08 20:16:48.651,1696796208.651226,-632621188,48.602,40.4379086,-86.9186297,176.3,1.0,166.0,0,314,159,True,inbound,3,5,2,13.51
2023-10-08 16:16:48.853477,1696796208.8534942,2023-10-08 20:16:48.852,1696796208.852588,-632621188,48.803,40.4379074,-86.9186293,176.3,1.0,166.0,0,314,159,True,inbound,3,5,2,13.38
2023-10-08 16:16:49.050236,1696796209.0502517,2023-10-08 20:16:49.49,1696796209.049319,-632621188,48.999,40.4379066,-86.918629,176.3,1.0,166.0,0,314,159,True,inbound,3,5,2,13.28
2023-10-08 16:16:49.245405,1696796209.2454224,2023-10-08 20:16:49.244,1696796209.244509,-632621188,49.196,40.4379045,-86.9186281,176.3,1.0,166.0,0,314,159,True,inbound,3,5,2,13.03
2023-10-08 16:16:49.440045,1696796209.4400628,2023-10-08 20:16:49.439,1696796209.439075,-632621188,49.389,40.4379038,-86.9186279,176.3,0.0,166.0,0,314,159,True,inbound,3,5,2,12.96
2023-10-08 16:16:49.636189,1696796209.63621,2023-10-08 20:16:49.635,1696796209.635367,-632621188,49.585,40.4379046,-86.9186282,176.3,0.0,166.0,0,314,159,True,inbound,3,5,2,13.05
2023-10-08 16:16:49.843456,1696796209.8434725,2023-10-08 20:16:49.842,1696796209.84258,-632621188,49.793,40.4379047,-86.9186282,176.3,0.0,166.0,0,314,159,True,inbound,3,5,2,13.06
2023-10-08 16:16:50.044985,1696796210.0450022,2023-10-08 20:16:50.44,1696796210.044035,-632621188,49.994,40.4379046,-86.9186284,176.3,0.0,166.0,0,314,159,True,inbound,3,5,2,13.06
2023-10-08 16:16:50.237540,1696796210.2375534,2023-10-08 20:16:50.236,1696796210.236648,-632621188,50.188,40.4379046,-86.9186284,176.3,0.0,166.0,0,314,159,True,inbound,3,5,2,13.06
2023-10-08 16:16:50.436099,1696796210.436115,2023-10-08 20:16:50.435,1696796210.435203,-632621188,50.385,40.4379045,-86.9186283,176.3,0.0,166.0,0,314,159,True,inbound,3,5,2,13.04
2023-10-08 16:16:50.636292,1696796210.63631,2023-10-08 20:16:50.635,1696796210.635438,-632621188,50.585,40.4379047,-86.9186285,176.2,0.0,166.0,0,314,159,True,inbound,3,5,2,13.07
2023-10-08 16:16:50.836593,1696796210.8366103,2023-10-08 20:16:50.835,1696796210.835729,-632621188,50.786,40.4379047,-86.9186285,176.2,0.0,166.0,0,314,159,True,inbound,3,5,2,13.07
2023-10-08 16:16:51.041358,1696796211.0413737,2023-10-08 20:16:51.40,1696796211.040414,-632621188,50.99,40.4379047,-86.9186284,176.2,0.0,166.0,0,314,159,True,inbound,3,5,2,13.07
2023-10-08 16:16:51.236837,1696796211.236855,2023-10-08 20:16:51.235,1696796211.235957,-632621188,51.187,40.4379047,-86.9186284,176.2,0.0,166.0,0,314,159,True,inbound,3,5,2,13.07
2023-10-08 16:16:51.443228,1696796211.4432437,2023-10-08 20:16:51.442,1696796211.442281,-632621188,51.392,40.4379047,-86.9186284,176.2,0.0,166.0,0,314,159,True,inbound,3,5,2,13.07
2023-10-08 16:16:51.650417,1696796211.6504338,2023-10-08 20:16:51.649,1696796211.649531,-632621188,51.599,40.4379047,-86.9186279,176.3,0.0,166.0,0,314,159,True,inbound,3,5,2,13.05
2023-10-08 16:16:51.852450,1696796211.8524663,2023-10-08 20:16:51.851,1696796211.851543,-632621188,51.802,40.4379046,-86.9186279,176.3,0.0,166.0,0,314,159,True,inbound,3,5,2,13.04
2023-10-08 16:16:52.062131,1696796212.0621486,2023-10-08 20:16:52.61,1696796212.061183,-632621188,52.011,40.4379046,-86.9186276,176.3,0.0,166.0,0,314,159,True,inbound,3,5,2,13.03
2023-10-08 16:16:52.267472,1696796212.2674887,2023-10-08 20:16:52.266,1696796212.266607,-632621188,52.218,40.4379045,-86.9186276,176.3,0.0,166.0,0,314,159,True,inbound,3,5,2,13.01
2023-10-08 16:16:52.459223,1696796212.4592392,2023-10-08 20:16:52.458,1696796212.458332,-632621188,52.408,40.4379044,-86.9186275,176.3,0.0,166.0,0,314,159,True,inbound,3,5,2,13.0
2023-10-08 16:16:52.666759,1696796212.666774,2023-10-08 20:16:52.665,1696796212.665865,-632621188,52.615,40.4379043,-86.9186274,176.3,0.0,166.0,0,314,159,True,inbound,3,5,2,12.99
2023-10-08 16:16:52.887172,1696796212.8871884,2023-10-08 20:16:52.886,1696796212.886224,-632621188,52.816,40.4379042,-86.9186273,176.3,0.0,166.0,0,314,159,True,inbound,3,5,2,12.98
2023-10-08 16:16:53.069740,1696796213.0697553,2023-10-08 20:16:53.68,1696796213.068829,-632621188,53.02,40.437904,-86.9186276,176.3,0.0,166.0,0,314,159,True,inbound,3,5,2,12.96
2023-10-08 16:16:53.272593,1696796213.2726095,2023-10-08 20:16:53.271,1696796213.271716,-632621188,53.223,40.437904,-86.9186276,176.3,0.0,166.0,0,314,159,True,inbound,3,5,2,12.96
2023-10-08 16:16:53.468437,1696796213.4684534,2023-10-08 20:16:53.467,1696796213.467551,-632621188,53.417,40.4379038,-86.9186275,176.3,0.0,166.0,0,314,159,True,inbound,3,5,2,12.94
2023-10-08 16:16:53.668691,1696796213.6687057,2023-10-08 20:16:53.667,1696796213.667801,-632621188,53.618,40.4379038,-86.9186275,176.3,0.0,166.0,0,314,159,True,inbound,3,5,2,12.94
2023-10-08 16:16:53.860220,1696796213.8602366,2023-10-08 20:16:53.859,1696796213.859324,-632621188,53.809,40.4379038,-86.9186275,176.3,0.0,166.0,0,314,159,True,inbound,3,5,2,12.94
2023-10-08 16:16:54.062102,1696796214.0621202,2023-10-08 20:16:54.61,1696796214.061129,-632621188,54.011,40.4379038,-86.9186274,176.3,0.0,166.0,0,314,159,True,inbound,3,5,2,12.94
2023-10-08 16:16:54.264703,1696796214.2647183,2023-10-08 20:16:54.263,1696796214.263777,-632621188,54.213,40.4379037,-86.9186274,176.3,0.0,166.0,0,314,159,True,inbound,3,5,2,12.93
2023-10-08 16:16:54.466455,1696796214.4664721,2023-10-08 20:16:54.465,1696796214.46553,-632621188,54.41,40.4379038,-86.9186272,176.4,0.0,166.0,0,314,159,True,inbound,3,5,2,12.94
2023-10-08 16:16:54.662133,1696796214.6621478,2023-10-08 20:16:54.661,1696796214.661271,-632621188,54.613,40.4379038,-86.9186271,176.4,0.0,166.0,0,314,159,True,inbound,3,5,2,12.93
2023-10-08 16:16:54.868202,1696796214.8682172,2023-10-08 20:16:54.867,1696796214.867279,-632621188,54.817,40.4379038,-86.9186271,176.4,0.0,166.0,0,314,159,True,inbound,3,5,2,12.93
2023-10-08 16:16:55.068240,1696796215.0682561,2023-10-08 20:16:55.67,1696796215.067304,-632621188,55.016,40.4379039,-86.9186269,176.4,0.0,166.0,0,314,159,True,inbound,3,5,2,12.94
2023-10-08 16:16:55.272387,1696796215.2724035,2023-10-08 20:16:55.271,1696796215.271474,-632621188,55.222,40.4379039,-86.9186269,176.4,0.0,166.0,0,314,159,True,inbound,3,5,2,12.94
2023-10-08 16:16:55.463076,1696796215.4630919,2023-10-08 20:16:55.462,1696796215.462192,-632621188,55.412,40.4379041,-86.9186268,176.4,0.0,166.0,0,314,159,True,inbound,3,5,2,12.96
2023-10-08 16:16:55.668236,1696796215.6682537,2023-10-08 20:16:55.667,1696796215.66731,-632621188,55.618,40.4379041,-86.9186268,176.4,0.0,166.0,0,314,159,True,inbound,3,5,2,12.96
2023-10-08 16:16:55.876467,1696796215.8764842,2023-10-08 20:16:55.875,1696796215.87556,-632621188,55.826,40.437904,-86.9186267,176.4,0.0,166.0,0,314,159,True,inbound,3,5,2,12.94
2023-10-08 16:16:56.078358,1696796216.078374,2023-10-08 20:16:56.77,1696796216.07743,-632621188,56.027,40.4379042,-86.9186267,176.4,0.0,166.0,0,314,159,True,inbound,3,5,2,12.96
2023-10-08 16:16:56.277837,1696796216.2778542,2023-10-08 20:16:56.276,1696796216.27688,-632621188,56.228,40.4379042,-86.9186267,176.4,0.0,166.0,0,314,159,True,inbound,3,5,2,12.96
2023-10-08 16:16:56.477948,1696796216.477963,2023-10-08 20:16:56.477,1696796216.477053,-632621188,56.427,40.4379042,-86.9186266,176.4,0.0,166.0,0,314,159,True,inbound,3,5,2,12.96
2023-10-08 16:16:56.682983,1696796216.6830032,2023-10-08 20:16:56.682,1696796216.682068,-632621188,56.633,40.4379042,-86.9186266,176.4,0.0,166.0,0,314,159,True,inbound,3,5,2,12.96
2023-10-08 16:16:56.885339,1696796216.8853545,2023-10-08 20:16:56.884,1696796216.884413,-632621188,56.835,40.4379042,-86.9186266,176.4,0.0,166.0,0,314,159,True,inbound,3,5,2,12.96
2023-10-08 16:16:57.079356,1696796217.0793784,2023-10-08 20:16:57.78,1696796217.078247,-632621188,57.028,40.4379043,-86.9186264,176.3,0.0,166.0,0,314,159,True,inbound,3,5,2,12.97
2023-10-08 16:16:57.284285,1696796217.2843,2023-10-08 20:16:57.283,1696796217.283418,-632621188,57.234,40.4379043,-86.9186264,176.3,0.0,166.0,0,314,159,True,inbound,3,5,2,12.97
2023-10-08 16:16:57.484821,1696796217.484836,2023-10-08 20:16:57.483,1696796217.483931,-632621188,57.434,40.4379044,-86.9186263,176.3,0.0,166.0,0,314,159,True,inbound,3,5,2,12.98
2023-10-08 16:16:57.678184,1696796217.6781998,2023-10-08 20:16:57.677,1696796217.677265,-632621188,57.628,40.4379044,-86.9186263,176.3,0.0,166.0,0,314,159,True,inbound,3,5,2,12.98
2023-10-08 16:16:57.886366,1696796217.886381,2023-10-08 20:16:57.885,1696796217.885551,-632621188,57.836,40.4379044,-86.9186263,176.3,0.0,166.0,0,314,159,True,inbound,3,5,2,12.98
2023-10-08 16:16:58.083979,1696796218.0839953,2023-10-08 20:16:58.83,1696796218.083031,-632621188,58.033,40.4379044,-86.9186262,176.3,0.0,166.0,0,314,159,True,inbound,3,5,2,12.97
2023-10-08 16:16:58.275560,1696796218.2755766,2023-10-08 20:16:58.274,1696796218.274661,-632621188,58.226,40.4379044,-86.9186262,176.3,0.0,166.0,0,314,159,True,inbound,3,5,2,12.97
2023-10-08 16:16:58.469147,1696796218.4691634,2023-10-08 20:16:58.468,1696796218.468198,-632621188,58.418,40.4379044,-86.918626,176.3,0.0,166.0,0,314,159,True,inbound,3,5,2,12.97
2023-10-08 16:16:58.668074,1696796218.66809,2023-10-08 20:16:58.667,1696796218.667155,-632621188,58.618,40.4379044,-86.918626,176.3,0.0,166.0,0,314,159,True,inbound,3,5,2,12.97
2023-10-08 16:16:58.870209,1696796218.8702247,2023-10-08 20:16:58.869,1696796218.869285,-632621188,58.819,40.4379044,-86.918626,176.3,0.0,166.0,0,314,159,True,inbound,3,5,2,12.97
2023-10-08 16:16:59.067738,1696796219.0677538,2023-10-08 20:16:59.66,1696796219.066842,-632621188,59.016,40.4379044,-86.9186259,176.3,0.0,166.0,0,314,159,True,inbound,3,5,2,12.97
2023-10-08 16:16:59.265748,1696796219.265766,2023-10-08 20:16:59.264,1696796219.264774,-632621188,59.214,40.4379044,-86.9186259,176.3,0.0,166.0,0,314,159,True,inbound,3,5,2,12.97
2023-10-08 16:16:59.463154,1696796219.4631724,2023-10-08 20:16:59.462,1696796219.462189,-632621188,59.413,40.4379042,-86.9186257,176.3,0.0,166.0,0,314,159,True,inbound,3,5,2,12.94
2023-10-08 16:16:59.657437,1696796219.657453,2023-10-08 20:16:59.656,1696796219.656457,-632621188,59.606,40.4379042,-86.9186257,176.3,0.0,166.0,0,314,159,True,inbound,3,5,2,12.94
2023-10-08 16:16:59.857553,1696796219.8575704,2023-10-08 20:16:59.856,1696796219.856516,-632621188,59.806,40.4379042,-86.9186257,176.3,0.0,166.0,0,314,159,True,inbound,3,5,2,12.94
2023-10-08 16:17:00.061676,1696796220.061694,2023-10-08 20:17:00.60,1696796220.060678,-632621188,0.01,40.4379042,-86.9186255,176.3,0.0,166.0,0,314,159,True,inbound,3,5,2,12.94
2023-10-08 16:17:00.259336,1696796220.2593522,2023-10-08 20:17:00.258,1696796220.258338,-632621188,0.208,40.4379042,-86.9186255,176.3,0.0,166.0,0,314,159,True,inbound,3,5,2,12.94
2023-10-08 16:17:00.458487,1696796220.4585054,2023-10-08 20:17:00.457,1696796220.457488,-632621188,0.408,40.4379042,-86.9186253,176.2,0.0,166.0,0,314,159,True,inbound,3,5,2,12.93
2023-10-08 16:17:00.661545,1696796220.6615632,2023-10-08 20:17:00.660,1696796220.660634,-632621188,0.611,40.4379042,-86.9186253,176.2,0.0,166.0,0,314,159,True,inbound,3,5,2,12.93
2023-10-08 16:17:00.860972,1696796220.860989,2023-10-08 20:17:00.860,1696796220.860143,-632621188,0.81,40.4379042,-86.9186253,176.2,0.0,166.0,0,314,159,True,inbound,3,5,2,12.93
2023-10-08 16:17:01.059423,1696796221.059439,2023-10-08 20:17:01.58,1696796221.058559,-632621188,1.007,40.4379042,-86.9186251,176.2,0.0,166.0,0,314,159,True,inbound,3,5,2,12.93
2023-10-08 16:17:01.257799,1696796221.2578154,2023-10-08 20:17:01.256,1696796221.256881,-632621188,1.207,40.4379042,-86.9186251,176.2,0.0,166.0,0,314,159,True,inbound,3,5,2,12.93
2023-10-08 16:17:01.458425,1696796221.4584403,2023-10-08 20:17:01.457,1696796221.457542,-632621188,1.407,40.4379042,-86.9186251,176.2,0.0,166.0,0,314,159,True,inbound,3,5,2,12.93
2023-10-08 16:17:01.662371,1696796221.6623874,2023-10-08 20:17:01.661,1696796221.661525,-632621188,1.612,40.4379042,-86.9186249,176.2,0.0,166.0,0,314,159,True,inbound,3,5,2,12.93
2023-10-08 16:17:01.864740,1696796221.864755,2023-10-08 20:17:01.863,1696796221.863901,-632621188,1.816,40.4379042,-86.9186249,176.2,0.0,166.0,0,314,159,True,inbound,3,5,2,12.93
2023-10-08 16:17:02.064563,1696796222.0645812,2023-10-08 20:17:02.63,1696796222.063686,-632621188,2.014,40.4379043,-86.9186246,176.1,0.0,166.0,0,314,159,True,inbound,3,5,2,12.92
2023-10-08 16:17:02.265389,1696796222.2654052,2023-10-08 20:17:02.264,1696796222.264457,-632621188,2.214,40.4379043,-86.9186245,176.1,0.0,166.0,0,314,159,True,inbound,3,5,2,12.92
2023-10-08 16:17:02.464594,1696796222.4646149,2023-10-08 20:17:02.463,1696796222.463714,-632621188,2.414,40.4379043,-86.9186242,176.1,0.0,166.0,0,314,159,True,inbound,3,5,2,12.91
2023-10-08 16:17:02.661371,1696796222.6613884,2023-10-08 20:17:02.660,1696796222.660461,-632621188,2.611,40.4379043,-86.9186242,176.1,0.0,166.0,0,314,159,True,inbound,3,5,2,12.91
2023-10-08 16:17:02.855446,1696796222.8554668,2023-10-08 20:17:02.854,1696796222.854492,-632621188,2.804,40.4379043,-86.9186242,176.1,0.0,166.0,0,314,159,True,inbound,3,5,2,12.91
2023-10-08 16:17:03.057290,1696796223.0573063,2023-10-08 20:17:03.56,1696796223.056354,-632621188,3.006,40.4379043,-86.9186239,176.0,0.0,166.0,0,314,159,True,inbound,3,5,2,12.9
2023-10-08 16:17:03.260880,1696796223.2609313,2023-10-08 20:17:03.260,1696796223.260015,-632621188,3.209,40.4379043,-86.9186239,176.0,0.0,166.0,0,314,159,True,inbound,3,5,2,12.9
2023-10-08 16:17:03.457864,1696796223.4578817,2023-10-08 20:17:03.456,1696796223.456873,-632621188,3.407,40.4379043,-86.9186239,176.0,0.0,166.0,0,314,159,True,inbound,3,5,2,12.9
2023-10-08 16:17:03.664672,1696796223.6646855,2023-10-08 20:17:03.663,1696796223.6639,-632621188,3.613,40.4379044,-86.9186236,176.0,0.0,166.0,0,314,159,True,inbound,3,5,2,12.91
2023-10-08 16:17:03.867985,1696796223.8679988,2023-10-08 20:17:03.867,1696796223.867048,-632621188,3.816,40.4379044,-86.9186236,176.0,0.0,166.0,0,314,159,True,inbound,3,5,2,12.91
2023-10-08 16:17:04.069767,1696796224.0697799,2023-10-08 20:17:04.68,1696796224.068789,-632621188,4.02,40.4379045,-86.9186234,176.0,0.0,166.0,0,314,159,True,inbound,3,5,2,12.91
2023-10-08 16:17:04.273344,1696796224.2733586,2023-10-08 20:17:04.272,1696796224.272334,-632621188,4.222,40.4379045,-86.9186234,176.0,0.0,166.0,0,314,159,True,inbound,3,5,2,12.91
2023-10-08 16:17:04.474707,1696796224.4747257,2023-10-08 20:17:04.473,1696796224.473791,-632621188,4.425,40.4379046,-86.9186233,176.0,0.0,166.0,0,314,159,True,inbound,3,5,2,12.93
2023-10-08 16:17:04.670928,1696796224.670944,2023-10-08 20:17:04.670,1696796224.670085,-632621188,4.62,40.4379046,-86.9186233,176.0,0.0,166.0,0,314,159,True,inbound,3,5,2,12.93
2023-10-08 16:17:04.876372,1696796224.8763857,2023-10-08 20:17:04.875,1696796224.875472,-632621188,4.825,40.4379046,-86.9186233,176.0,0.0,166.0,0,314,159,True,inbound,3,5,2,12.93
2023-10-08 16:17:05.070767,1696796225.0707822,2023-10-08 20:17:05.69,1696796225.069866,-632621188,5.02,40.4379046,-86.9186233,175.9,0.0,166.0,0,314,159,True,inbound,3,5,2,12.93
2023-10-08 16:17:05.270363,1696796225.2703786,2023-10-08 20:17:05.269,1696796225.26944,-632621188,5.219,40.4379046,-86.9186233,175.9,0.0,166.0,0,314,159,True,inbound,3,5,2,12.93
2023-10-08 16:17:05.472839,1696796225.472856,2023-10-08 20:17:05.471,1696796225.471878,-632621188,5.423,40.4379046,-86.9186233,175.9,0.0,166.0,0,314,159,True,inbound,3,5,2,12.93
2023-10-08 16:17:05.671859,1696796225.671872,2023-10-08 20:17:05.670,1696796225.670906,-632621188,5.617,40.4379046,-86.9186233,175.9,0.0,166.0,0,314,159,True,inbound,3,5,2,12.93
2023-10-08 16:17:05.871641,1696796225.8716555,2023-10-08 20:17:05.870,1696796225.870708,-632621188,5.822,40.4379046,-86.9186233,175.9,0.0,166.0,0,314,159,True,inbound,3,5,2,12.93
2023-10-08 16:17:06.074369,1696796226.0743828,2023-10-08 20:17:06.73,1696796226.073487,-632621188,6.023,40.4379045,-86.9186234,175.9,0.0,166.0,0,314,159,True,inbound,3,5,2,12.91
2023-10-08 16:17:06.280378,1696796226.2803926,2023-10-08 20:17:06.279,1696796226.279505,-632621188,6.229,40.4379045,-86.9186234,175.9,0.0,166.0,0,314,159,True,inbound,3,5,2,12.91
2023-10-08 16:17:06.485066,1696796226.4850817,2023-10-08 20:17:06.484,1696796226.484265,-632621188,6.435,40.4379045,-86.9186235,175.9,0.0,166.0,0,314,159,True,inbound,3,5,2,12.92
2023-10-08 16:17:06.685465,1696796226.685483,2023-10-08 20:17:06.684,1696796226.684562,-632621188,6.634,40.4379045,-86.9186235,175.9,0.0,166.0,0,314,159,True,inbound,3,5,2,12.92
2023-10-08 16:17:06.890478,1696796226.8904939,2023-10-08 20:17:06.889,1696796226.889579,-632621188,6.84,40.4379045,-86.9186235,175.9,0.0,166.0,0,314,159,True,inbound,3,5,2,12.92
2023-10-08 16:17:07.093233,1696796227.0932477,2023-10-08 20:17:07.87,1696796227.08709,-632621188,7.037,40.4379045,-86.9186236,175.9,0.0,166.0,0,314,159,True,inbound,3,5,2,12.92
2023-10-08 16:17:07.293267,1696796227.293283,2023-10-08 20:17:07.292,1696796227.292298,-632621188,7.242,40.4379045,-86.9186236,175.9,0.0,166.0,0,314,159,True,inbound,3,5,2,12.92
2023-10-08 16:17:07.485845,1696796227.4858625,2023-10-08 20:17:07.484,1696796227.484862,-632621188,7.436,40.4379044,-86.9186237,175.9,0.0,166.0,0,314,159,True,inbound,3,5,2,12.91
2023-10-08 16:17:07.691353,1696796227.6913693,2023-10-08 20:17:07.690,1696796227.690424,-632621188,7.64,40.4379044,-86.9186237,175.9,0.0,166.0,0,314,159,True,inbound,3,5,2,12.91
2023-10-08 16:17:07.884084,1696796227.8841016,2023-10-08 20:17:07.883,1696796227.883227,-632621188,7.834,40.4379044,-86.9186237,175.9,0.0,166.0,0,314,159,True,inbound,3,5,2,12.91
2023-10-08 16:17:08.083473,1696796228.0834923,2023-10-08 20:17:08.82,1696796228.082649,-632621188,8.033,40.4379044,-86.9186237,175.8,0.0,166.0,0,314,159,True,inbound,3,5,2,12.91
2023-10-08 16:17:08.290020,1696796228.2900386,2023-10-08 20:17:08.289,1696796228.289202,-632621188,8.239,40.4379044,-86.9186237,175.8,0.0,166.0,0,314,159,True,inbound,3,5,2,12.91
2023-10-08 16:17:08.485783,1696796228.4858024,2023-10-08 20:17:08.484,1696796228.484841,-632621188,8.434,40.4379044,-86.9186238,175.8,0.0,166.0,0,314,159,True,inbound,3,5,2,12.91
2023-10-08 16:17:08.682923,1696796228.6829424,2023-10-08 20:17:08.682,1696796228.682031,-632621188,8.632,40.4379044,-86.9186238,175.8,0.0,166.0,0,314,159,True,inbound,3,5,2,12.91
2023-10-08 16:17:08.884035,1696796228.8840542,2023-10-08 20:17:08.883,1696796228.883077,-632621188,8.834,40.4379044,-86.9186238,175.8,0.0,166.0,0,314,159,True,inbound,3,5,2,12.91
2023-10-08 16:17:09.085600,1696796229.0856187,2023-10-08 20:17:09.84,1696796229.084698,-632621188,9.034,40.4379043,-86.9186239,175.8,0.0,166.0,0,314,159,True,inbound,3,5,2,12.9
2023-10-08 16:17:09.282967,1696796229.2829862,2023-10-08 20:17:09.282,1696796229.282012,-632621188,9.232,40.4379043,-86.9186239,175.8,0.0,166.0,0,314,159,True,inbound,3,5,2,12.9
2023-10-08 16:17:09.480694,1696796229.4807134,2023-10-08 20:17:09.479,1696796229.479698,-632621188,9.429,40.4379041,-86.918624,175.8,0.0,166.0,0,314,159,True,inbound,3,5,2,12.89
2023-10-08 16:17:09.682854,1696796229.682873,2023-10-08 20:17:09.681,1696796229.681944,-632621188,9.632,40.4379041,-86.918624,175.8,0.0,166.0,0,314,159,True,inbound,3,5,2,12.89
2023-10-08 16:17:09.875188,1696796229.8752053,2023-10-08 20:17:09.874,1696796229.874273,-632621188,9.825,40.4379041,-86.918624,175.8,0.0,166.0,0,314,159,True,inbound,3,5,2,12.89
2023-10-08 16:17:10.077811,1696796230.0778303,2023-10-08 20:17:10.76,1696796230.076851,-632621188,10.027,40.437904,-86.918624,175.8,0.0,166.0,0,314,159,True,inbound,3,5,2,12.88
2023-10-08 16:17:10.277144,1696796230.277163,2023-10-08 20:17:10.276,1696796230.276232,-632621188,10.226,40.437904,-86.9186239,175.8,0.0,166.0,0,314,159,True,inbound,3,5,2,12.88
2023-10-08 16:17:10.479137,1696796230.4791555,2023-10-08 20:17:10.478,1696796230.478157,-632621188,10.427,40.4379039,-86.9186239,175.7,0.0,166.0,0,314,159,True,inbound,3,5,2,12.87
2023-10-08 16:17:10.673944,1696796230.6739616,2023-10-08 20:17:10.672,1696796230.673004,-632621188,10.623,40.4379039,-86.9186239,175.7,0.0,166.0,0,314,159,True,inbound,3,5,2,12.87
2023-10-08 16:17:10.877456,1696796230.877475,2023-10-08 20:17:10.876,1696796230.876528,-632621188,10.826,40.4379039,-86.9186239,175.7,0.0,166.0,0,314,159,True,inbound,3,5,2,12.87
2023-10-08 16:17:11.075571,1696796231.0755897,2023-10-08 20:17:11.74,1696796231.074648,-632621188,11.025,40.4379038,-86.9186239,175.7,0.0,166.0,0,314,159,True,inbound,3,5,2,12.86
2023-10-08 16:17:11.278358,1696796231.2783773,2023-10-08 20:17:11.277,1696796231.277428,-632621188,11.227,40.4379038,-86.9186239,175.7,0.0,166.0,0,314,159,True,inbound,3,5,2,12.86
2023-10-08 16:17:11.476784,1696796231.476803,2023-10-08 20:17:11.475,1696796231.475849,-632621188,11.426,40.4379038,-86.9186238,175.7,0.0,166.0,0,314,159,True,inbound,3,5,2,12.85
2023-10-08 16:17:11.682192,1696796231.6822114,2023-10-08 20:17:11.681,1696796231.681218,-632621188,11.631,40.4379038,-86.9186238,175.7,0.0,166.0,0,314,159,True,inbound,3,5,2,12.85
2023-10-08 16:17:11.881260,1696796231.8812792,2023-10-08 20:17:11.880,1696796231.880242,-632621188,11.831,40.4379038,-86.9186238,175.7,0.0,166.0,0,314,159,True,inbound,3,5,2,12.85
2023-10-08 16:17:12.083782,1696796232.0838015,2023-10-08 20:17:12.82,1696796232.082911,-632621188,12.033,40.4379038,-86.9186237,175.7,0.0,166.0,0,314,159,True,inbound,3,5,2,12.85
2023-10-08 16:17:12.284131,1696796232.2841504,2023-10-08 20:17:12.283,1696796232.283214,-632621188,12.233,40.4379038,-86.9186237,175.7,0.0,166.0,0,314,159,True,inbound,3,5,2,12.85
2023-10-08 16:17:12.491899,1696796232.4919186,2023-10-08 20:17:12.490,1696796232.490944,-632621188,12.441,40.4379038,-86.9186235,175.7,0.0,166.0,0,314,159,True,inbound,3,5,2,12.85
2023-10-08 16:17:12.696235,1696796232.6962538,2023-10-08 20:17:12.695,1696796232.695254,-632621188,12.645,40.4379038,-86.9186235,175.7,0.0,166.0,0,314,159,True,inbound,3,5,2,12.85
2023-10-08 16:17:12.891340,1696796232.891357,2023-10-08 20:17:12.890,1696796232.890442,-632621188,12.84,40.4379037,-86.9186235,175.7,0.0,166.0,0,314,159,True,inbound,3,5,2,12.84
2023-10-08 16:17:13.090246,1696796233.0902646,2023-10-08 20:17:13.89,1696796233.089269,-632621188,13.039,40.4379038,-86.9186233,175.7,0.0,166.0,0,314,159,True,inbound,3,5,2,12.84
2023-10-08 16:17:13.289391,1696796233.28941,2023-10-08 20:17:13.288,1696796233.288469,-632621188,13.238,40.4379038,-86.9186233,175.7,0.0,166.0,0,314,159,True,inbound,3,5,2,12.84
2023-10-08 16:17:13.485555,1696796233.4855742,2023-10-08 20:17:13.484,1696796233.484627,-632621188,13.433,40.4379037,-86.9186232,175.7,0.0,166.0,0,314,159,True,inbound,3,5,2,12.83
2023-10-08 16:17:13.677290,1696796233.6773086,2023-10-08 20:17:13.676,1696796233.676376,-632621188,13.626,40.4379035,-86.9186231,175.7,0.0,166.0,0,314,159,True,inbound,3,5,2,12.8
2023-10-08 16:17:13.874402,1696796233.8744192,2023-10-08 20:17:13.873,1696796233.873452,-632621188,13.824,40.4379034,-86.9186231,175.7,0.0,166.0,0,314,159,True,inbound,3,5,2,12.79
2023-10-08 16:17:14.077862,1696796234.0778809,2023-10-08 20:17:14.76,1696796234.076962,-632621188,14.027,40.437903,-86.9186228,175.7,0.0,166.0,0,314,159,True,inbound,3,5,2,12.75
2023-10-08 16:17:14.276277,1696796234.2762961,2023-10-08 20:17:14.275,1696796234.27531,-632621188,14.225,40.4379024,-86.9186226,175.7,0.0,166.0,0,314,159,True,inbound,3,5,2,12.67
2023-10-08 16:17:14.479000,1696796234.4790177,2023-10-08 20:17:14.478,1696796234.478048,-632621188,14.427,40.4379027,-86.9186224,175.6,0.0,166.0,0,314,159,True,inbound,3,5,2,12.7
2023-10-08 16:17:14.682897,1696796234.6829152,2023-10-08 20:17:14.682,1696796234.682067,-632621188,14.632,40.4379022,-86.9186222,175.6,0.0,166.0,0,314,159,True,inbound,3,5,2,12.65
2023-10-08 16:17:14.890325,1696796234.8903441,2023-10-08 20:17:14.889,1696796234.889375,-632621188,14.84,40.4379017,-86.918622,175.6,0.0,166.0,0,314,159,True,inbound,3,5,2,12.58
2023-10-08 16:17:15.094989,1696796235.0950067,2023-10-08 20:17:15.94,1696796235.094075,-632621188,15.043,40.4378985,-86.91862,175.6,1.0,166.0,0,314,159,True,inbound,3,5,2,12.2
2023-10-08 16:17:15.288945,1696796235.28897,2023-10-08 20:17:15.287,1696796235.288,-632621188,15.239,40.4378974,-86.9186196,175.6,1.0,166.0,0,314,159,True,inbound,3,5,2,12.08
2023-10-08 16:17:15.489544,1696796235.4895635,2023-10-08 20:17:15.488,1696796235.488597,-632621188,15.438,40.4378937,-86.9186175,175.5,1.0,166.0,0,314,159,True,inbound,3,5,2,11.64
2023-10-08 16:17:15.690672,1696796235.6906898,2023-10-08 20:17:15.689,1696796235.689731,-632621188,15.639,40.4378923,-86.9186169,175.5,1.0,166.0,0,314,159,True,inbound,3,5,2,11.47
2023-10-08 16:17:15.883716,1696796235.8837366,2023-10-08 20:17:15.882,1696796235.882813,-632621188,15.834,40.4378917,-86.9186166,175.5,1.0,166.0,0,314,159,True,inbound,3,5,2,11.39
2023-10-08 16:17:16.085507,1696796236.0855267,2023-10-08 20:17:16.84,1696796236.084462,-632621188,16.034,40.4378884,-86.9186147,175.4,1.0,166.0,0,314,159,True,inbound,3,5,2,11.01
2023-10-08 16:17:16.283041,1696796236.283063,2023-10-08 20:17:16.282,1696796236.282034,-632621188,16.232,40.4378878,-86.9186145,175.4,0.0,166.0,0,314,159,True,inbound,3,5,2,10.93
2023-10-08 16:17:16.487512,1696796236.487531,2023-10-08 20:17:16.486,1696796236.48651,-632621188,16.436,40.437887,-86.9186138,175.3,0.0,166.0,0,314,159,True,inbound,3,5,2,10.83
2023-10-08 16:17:16.690760,1696796236.690779,2023-10-08 20:17:16.689,1696796236.689841,-632621188,16.639,40.4378866,-86.9186137,175.3,0.0,166.0,0,314,159,True,inbound,3,5,2,10.79
2023-10-08 16:17:16.887407,1696796236.8874266,2023-10-08 20:17:16.886,1696796236.88647,-632621188,16.836,40.4378866,-86.9186136,175.3,0.0,166.0,0,314,159,True,inbound,3,5,2,10.79
2023-10-08 16:17:17.090500,1696796237.090519,2023-10-08 20:17:17.89,1696796237.089641,-632621188,17.039,40.437887,-86.9186136,175.3,0.0,166.0,0,314,159,True,inbound,3,5,2,10.83
2023-10-08 16:17:17.290893,1696796237.2909107,2023-10-08 20:17:17.290,1696796237.290011,-632621188,17.24,40.437887,-86.9186135,175.3,0.0,166.0,0,314,159,True,inbound,3,5,2,10.83
2023-10-08 16:17:17.485450,1696796237.4854684,2023-10-08 20:17:17.484,1696796237.484436,-632621188,17.434,40.4378872,-86.9186137,175.3,0.0,166.0,0,314,159,True,inbound,3,5,2,10.85
2023-10-08 16:17:17.678229,1696796237.6782477,2023-10-08 20:17:17.677,1696796237.677247,-632621188,17.627,40.4378871,-86.9186136,175.3,0.0,166.0,0,314,159,True,inbound,3,5,2,10.84
2023-10-08 16:17:17.877500,1696796237.8775167,2023-10-08 20:17:17.876,1696796237.87659,-632621188,17.826,40.4378871,-86.9186136,175.3,0.0,166.0,0,314,159,True,inbound,3,5,2,10.84
2023-10-08 16:17:18.071597,1696796238.0716157,2023-10-08 20:17:18.70,1696796238.070686,-632621188,18.02,40.4378873,-86.9186136,175.2,0.0,166.0,0,314,159,True,inbound,3,5,2,10.86
2023-10-08 16:17:18.272131,1696796238.2721488,2023-10-08 20:17:18.271,1696796238.271169,-632621188,18.221,40.4378872,-86.9186136,175.2,0.0,166.0,0,314,159,True,inbound,3,5,2,10.85
2023-10-08 16:17:18.479541,1696796238.4795547,2023-10-08 20:17:18.478,1696796238.47865,-632621188,18.428,40.4378872,-86.9186135,175.2,0.0,166.0,0,314,159,True,inbound,3,5,2,10.85
2023-10-08 16:17:18.675079,1696796238.675097,2023-10-08 20:17:18.674,1696796238.674175,-632621188,18.625,40.4378872,-86.9186135,175.2,0.0,166.0,0,314,159,True,inbound,3,5,2,10.85
2023-10-08 16:17:18.879627,1696796238.879641,2023-10-08 20:17:18.878,1696796238.878707,-632621188,18.828,40.4378872,-86.9186135,175.2,0.0,166.0,0,314,159,True,inbound,3,5,2,10.85
2023-10-08 16:17:19.075437,1696796239.0754516,2023-10-08 20:17:19.74,1696796239.074529,-632621188,19.024,40.437887,-86.9186135,175.1,0.0,166.0,0,314,159,True,inbound,3,5,2,10.83
2023-10-08 16:17:19.271820,1696796239.2718365,2023-10-08 20:17:19.270,1696796239.270941,-632621188,19.221,40.437887,-86.9186134,175.1,0.0,166.0,0,314,159,True,inbound,3,5,2,10.82
2023-10-08 16:17:19.476408,1696796239.4764218,2023-10-08 20:17:19.475,1696796239.475468,-632621188,19.425,40.437887,-86.9186134,175.1,0.0,166.0,0,314,159,True,inbound,3,5,2,10.82
2023-10-08 16:17:19.675170,1696796239.675188,2023-10-08 20:17:19.674,1696796239.674217,-632621188,19.625,40.4378868,-86.9186135,175.1,0.0,166.0,0,314,159,True,inbound,3,5,2,10.81
2023-10-08 16:17:19.875271,1696796239.8752854,2023-10-08 20:17:19.874,1696796239.874424,-632621188,19.824,40.4378868,-86.9186134,175.1,0.0,166.0,0,314,159,True,inbound,3,5,2,10.8
2023-10-08 16:17:20.075603,1696796240.0756185,2023-10-08 20:17:20.74,1696796240.074657,-632621188,20.024,40.4378865,-86.9186135,175.1,0.0,166.0,0,314,159,True,inbound,3,5,2,10.78
2023-10-08 16:17:20.273123,1696796240.2731383,2023-10-08 20:17:20.272,1696796240.272157,-632621188,20.222,40.4378864,-86.9186135,175.1,0.0,166.0,0,314,159,True,inbound,3,5,2,10.76
2023-10-08 16:17:20.481629,1696796240.4816437,2023-10-08 20:17:20.480,1696796240.480648,-632621188,20.43,40.4378863,-86.9186135,175.1,0.0,166.0,0,314,159,True,inbound,3,5,2,10.75
2023-10-08 16:17:20.675040,1696796240.6750562,2023-10-08 20:17:20.674,1696796240.674141,-632621188,20.625,40.4378863,-86.9186135,175.1,0.0,166.0,0,314,159,True,inbound,3,5,2,10.75
2023-10-08 16:17:20.869051,1696796240.8690658,2023-10-08 20:17:20.868,1696796240.868145,-632621188,20.817,40.4378863,-86.9186135,175.1,0.0,166.0,0,314,159,True,inbound,3,5,2,10.75
2023-10-08 16:17:21.059264,1696796241.0592782,2023-10-08 20:17:21.58,1696796241.058332,-632621188,21.008,40.437886,-86.9186135,175.1,0.0,166.0,0,314,159,True,inbound,3,5,2,10.72
2023-10-08 16:17:21.257034,1696796241.257052,2023-10-08 20:17:21.256,1696796241.256155,-632621188,21.206,40.437886,-86.9186135,175.1,0.0,166.0,0,314,159,True,inbound,3,5,2,10.72
2023-10-08 16:17:21.456378,1696796241.4563942,2023-10-08 20:17:21.455,1696796241.455487,-632621188,21.405,40.437886,-86.9186135,175.1,0.0,166.0,0,314,159,True,inbound,3,5,2,10.72
2023-10-08 16:17:21.659973,1696796241.6599915,2023-10-08 20:17:21.659,1696796241.65913,-632621188,21.608,40.4378857,-86.9186133,175.0,0.0,166.0,0,314,159,True,inbound,3,5,2,10.69
2023-10-08 16:17:21.853257,1696796241.8532763,2023-10-08 20:17:21.852,1696796241.852331,-632621188,21.802,40.4378856,-86.9186133,175.0,0.0,166.0,0,314,159,True,inbound,3,5,2,10.68
2023-10-08 16:17:22.051398,1696796242.0514169,2023-10-08 20:17:22.50,1696796242.05048,-632621188,22.001,40.4378854,-86.9186132,175.0,0.0,166.0,0,314,159,True,inbound,3,5,2,10.64
2023-10-08 16:17:22.252797,1696796242.252816,2023-10-08 20:17:22.251,1696796242.251852,-632621188,22.201,40.4378854,-86.9186132,175.0,0.0,166.0,0,314,159,True,inbound,3,5,2,10.64
2023-10-08 16:17:22.451540,1696796242.4515593,2023-10-08 20:17:22.450,1696796242.450632,-632621188,22.4,40.4378854,-86.9186132,175.0,0.0,166.0,0,314,159,True,inbound,3,5,2,10.64
2023-10-08 16:17:22.651027,1696796242.651046,2023-10-08 20:17:22.650,1696796242.65019,-632621188,22.599,40.4378852,-86.9186129,175.0,0.0,166.0,0,314,159,True,inbound,3,5,2,10.62
2023-10-08 16:17:22.844664,1696796242.8446877,2023-10-08 20:17:22.843,1696796242.843585,-632621188,22.793,40.4378852,-86.9186129,175.0,0.0,166.0,0,314,159,True,inbound,3,5,2,10.62
2023-10-08 16:17:23.040025,1696796243.0400445,2023-10-08 20:17:23.39,1696796243.039121,-632621188,22.99,40.4378851,-86.9186127,175.0,0.0,166.0,0,314,159,True,inbound,3,5,2,10.61
2023-10-08 16:17:23.235608,1696796243.2356265,2023-10-08 20:17:23.234,1696796243.234698,-632621188,23.184,40.4378851,-86.9186127,175.0,0.0,166.0,0,314,159,True,inbound,3,5,2,10.61
2023-10-08 16:17:23.431107,1696796243.4311347,2023-10-08 20:17:23.430,1696796243.430162,-632621188,23.38,40.4378851,-86.9186127,175.0,0.0,166.0,0,314,159,True,inbound,3,5,2,10.61
2023-10-08 16:17:23.639096,1696796243.6391127,2023-10-08 20:17:23.638,1696796243.638126,-632621188,23.587,40.4378851,-86.9186125,174.9,0.0,166.0,0,314,159,True,inbound,3,5,2,10.6
2023-10-08 16:17:23.830758,1696796243.8307772,2023-10-08 20:17:23.829,1696796243.829886,-632621188,23.779,40.437885,-86.9186125,174.9,0.0,166.0,0,314,159,True,inbound,3,5,2,10.59
2023-10-08 16:17:24.025384,1696796244.0254028,2023-10-08 20:17:24.24,1696796244.024417,-632621188,23.974,40.437885,-86.9186122,174.9,0.0,166.0,0,314,159,True,inbound,3,5,2,10.59
2023-10-08 16:17:24.223478,1696796244.2234967,2023-10-08 20:17:24.222,1696796244.222581,-632621188,24.172,40.437885,-86.9186122,174.9,0.0,166.0,0,314,159,True,inbound,3,5,2,10.59
2023-10-08 16:17:24.422057,1696796244.4220762,2023-10-08 20:17:24.421,1696796244.421162,-632621188,24.37,40.437885,-86.9186122,174.9,0.0,166.0,0,314,159,True,inbound,3,5,2,10.59
2023-10-08 16:17:24.621842,1696796244.6218615,2023-10-08 20:17:24.620,1696796244.620841,-632621188,24.57,40.437885,-86.918612,174.8,0.0,166.0,0,314,159,True,inbound,3,5,2,10.58
2023-10-08 16:17:24.828106,1696796244.8281252,2023-10-08 20:17:24.827,1696796244.827212,-632621188,24.776,40.437885,-86.918612,174.8,0.0,166.0,0,314,159,True,inbound,3,5,2,10.58
2023-10-08 16:17:25.027978,1696796245.0279975,2023-10-08 20:17:25.26,1696796245.02701,-632621188,24.976,40.437885,-86.9186118,174.8,0.0,166.0,0,314,159,True,inbound,3,5,2,10.58
2023-10-08 16:17:25.224847,1696796245.2248664,2023-10-08 20:17:25.223,1696796245.223911,-632621188,25.173,40.437885,-86.9186118,174.8,0.0,166.0,0,314,159,True,inbound,3,5,2,10.58
2023-10-08 16:17:25.428457,1696796245.428476,2023-10-08 20:17:25.427,1696796245.427549,-632621188,25.377,40.437885,-86.9186118,174.8,0.0,166.0,0,314,159,True,inbound,3,5,2,10.58
2023-10-08 16:17:25.636258,1696796245.636282,2023-10-08 20:17:25.635,1696796245.635294,-632621188,25.584,40.4378851,-86.9186115,174.7,0.0,166.0,0,314,159,True,inbound,3,5,2,10.58
2023-10-08 16:17:25.833393,1696796245.8334124,2023-10-08 20:17:25.832,1696796245.832333,-632621188,25.781,40.4378851,-86.9186115,174.7,0.0,166.0,0,314,159,True,inbound,3,5,2,10.58
2023-10-08 16:17:26.026578,1696796246.0265973,2023-10-08 20:17:26.25,1696796246.025747,-632621188,25.975,40.4378852,-86.9186111,174.7,0.0,166.0,0,314,159,True,inbound,3,5,2,10.58
2023-10-08 16:17:26.221942,1696796246.221961,2023-10-08 20:17:26.221,1696796246.221067,-632621188,26.171,40.4378852,-86.9186111,174.7,0.0,166.0,0,314,159,True,inbound,3,5,2,10.58
2023-10-08 16:17:26.420296,1696796246.4203186,2023-10-08 20:17:26.419,1696796246.41934,-632621188,26.369,40.4378852,-86.9186111,174.7,0.0,166.0,0,314,159,True,inbound,3,5,2,10.58
2023-10-08 16:17:26.621594,1696796246.6216106,2023-10-08 20:17:26.620,1696796246.620642,-632621188,26.57,40.4378852,-86.9186108,174.7,0.0,166.0,0,314,159,True,inbound,3,5,2,10.58
2023-10-08 16:17:26.815096,1696796246.8151155,2023-10-08 20:17:26.814,1696796246.814209,-632621188,26.763,40.4378852,-86.9186108,174.7,0.0,166.0,0,314,159,True,inbound,3,5,2,10.58
2023-10-08 16:17:27.010485,1696796247.0105038,2023-10-08 20:17:27.9,1696796247.009603,-632621188,26.959,40.4378852,-86.9186108,174.7,0.0,166.0,0,314,159,True,inbound,3,5,2,10.58
2023-10-08 16:17:27.211932,1696796247.2119513,2023-10-08 20:17:27.211,1696796247.21102,-632621188,27.16,40.4378853,-86.9186105,174.7,0.0,166.0,0,314,159,True,inbound,3,5,2,10.58
2023-10-08 16:17:27.406291,1696796247.4063096,2023-10-08 20:17:27.405,1696796247.405437,-632621188,27.355,40.4378852,-86.9186105,174.7,0.0,166.0,0,314,159,True,inbound,3,5,2,10.57
2023-10-08 16:17:27.611690,1696796247.6117086,2023-10-08 20:17:27.610,1696796247.610843,-632621188,27.56,40.437885,-86.9186102,174.6,0.0,166.0,0,314,159,True,inbound,3,5,2,10.54
2023-10-08 16:17:27.815304,1696796247.8153238,2023-10-08 20:17:27.814,1696796247.814305,-632621188,27.763,40.4378849,-86.9186101,174.6,0.0,166.0,0,314,159,True,inbound,3,5,2,10.53
2023-10-08 16:17:28.014973,1696796248.014993,2023-10-08 20:17:28.14,1696796248.014082,-632621188,27.964,40.4378845,-86.9186098,174.6,0.0,166.0,0,314,159,True,inbound,3,5,2,10.48
2023-10-08 16:17:28.224044,1696796248.2240632,2023-10-08 20:17:28.223,1696796248.223177,-632621188,28.172,40.4378839,-86.9186095,174.6,0.0,166.0,0,314,159,True,inbound,3,5,2,10.41
2023-10-08 16:17:28.429568,1696796248.4295838,2023-10-08 20:17:28.428,1696796248.428702,-632621188,28.378,40.4378833,-86.9186093,174.6,0.0,166.0,0,314,159,True,inbound,3,5,2,10.34
2023-10-08 16:17:28.634906,1696796248.6349254,2023-10-08 20:17:28.634,1696796248.634049,-632621188,28.583,40.4378835,-86.9186091,174.6,0.0,166.0,0,314,159,True,inbound,3,5,2,10.37
2023-10-08 16:17:28.830621,1696796248.8306398,2023-10-08 20:17:28.829,1696796248.829658,-632621188,28.779,40.4378825,-86.9186087,174.6,0.0,166.0,0,314,159,True,inbound,3,5,2,10.25
2023-10-08 16:17:29.033969,1696796249.0339837,2023-10-08 20:17:29.33,1696796249.033059,-632621188,28.982,40.4378783,-86.9186063,174.5,1.0,166.0,0,314,159,True,inbound,3,5,2,9.75
2023-10-08 16:17:29.229294,1696796249.2293131,2023-10-08 20:17:29.228,1696796249.228371,-632621188,29.177,40.4378767,-86.9186057,174.5,1.0,166.0,0,314,159,True,inbound,3,5,2,9.57
2023-10-08 16:17:29.429914,1696796249.429933,2023-10-08 20:17:29.428,1696796249.429007,-632621188,29.378,40.4378747,-86.9186049,174.5,1.0,166.0,0,314,159,True,inbound,3,5,2,9.34
2023-10-08 16:17:29.634019,1696796249.6340387,2023-10-08 20:17:29.633,1696796249.633146,-632621188,29.582,40.4378693,-86.9186023,174.4,2.0,163.0,0,314,159,True,inbound,3,5,2,8.7
2023-10-08 16:17:29.833535,1696796249.8335505,2023-10-08 20:17:29.832,1696796249.832652,-632621188,29.782,40.4378667,-86.9186014,174.4,1.0,163.0,0,314,159,True,inbound,3,5,2,8.41
2023-10-08 16:17:30.030940,1696796250.0309558,2023-10-08 20:17:30.30,1696796250.030096,-632621188,29.979,40.437861,-86.918599,174.3,2.0,165.0,0,314,159,True,inbound,3,5,2,7.74
2023-10-08 16:17:30.231153,1696796250.2311683,2023-10-08 20:17:30.230,1696796250.230334,-632621188,30.18,40.4378575,-86.9185979,174.3,2.0,166.0,0,314,159,True,inbound,3,5,2,7.35
2023-10-08 16:17:30.433722,1696796250.4337409,2023-10-08 20:17:30.432,1696796250.432719,-632621188,30.382,40.4378538,-86.918597,174.3,2.0,168.0,0,314,159,True,inbound,3,5,2,6.92
2023-10-08 16:17:30.633337,1696796250.6333544,2023-10-08 20:17:30.632,1696796250.632355,-632621188,30.581,40.4378483,-86.9185954,174.2,2.0,170.0,0,314,159,True,inbound,3,5,2,6.3
2023-10-08 16:17:30.823625,1696796250.8236406,2023-10-08 20:17:30.822,1696796250.822716,-632621188,30.772,40.4378445,-86.9185949,174.2,2.0,173.0,0,314,159,True,inbound,3,5,2,5.88
2023-10-08 16:17:31.023261,1696796251.0232823,2023-10-08 20:17:31.22,1696796251.022335,-632621188,30.971,40.4378389,-86.9185942,174.1,3.0,176.0,0,314,159,True,inbound,3,5,2,5.26
2023-10-08 16:17:31.216378,1696796251.2163956,2023-10-08 20:17:31.215,1696796251.215447,-632621188,31.166,40.4378349,-86.918594,174.1,2.0,178.0,0,314,159,True,inbound,3,5,2,4.82
2023-10-08 16:17:31.420027,1696796251.420043,2023-10-08 20:17:31.419,1696796251.419113,-632621188,31.368,40.4378308,-86.9185942,174.1,2.0,181.0,0,314,159,True,inbound,3,5,2,4.37
2023-10-08 16:17:31.621384,1696796251.6213994,2023-10-08 20:17:31.620,1696796251.620415,-632621188,31.569,40.4378253,-86.9185947,174.0,2.0,185.0,0,314,159,True,inbound,3,5,2,3.79
2023-10-08 16:17:31.822542,1696796251.8225577,2023-10-08 20:17:31.821,1696796251.821713,-632621188,31.772,40.4378212,-86.9185955,174.0,2.0,188.0,0,314,159,True,inbound,3,5,2,3.37
2023-10-08 16:17:32.023270,1696796252.0232868,2023-10-08 20:17:32.22,1696796252.022405,-632621188,31.971,40.4378174,-86.9185966,174.0,2.0,192.0,0,314,159,True,inbound,3,5,2,3.01
2023-10-08 16:17:32.220161,1696796252.2201803,2023-10-08 20:17:32.219,1696796252.219189,-632621188,32.17,40.4378127,-86.9185982,173.9,2.0,196.0,0,314,159,True,inbound,3,5,2,2.61
2023-10-08 16:17:32.419710,1696796252.419727,2023-10-08 20:17:32.418,1696796252.418706,-632621188,32.368,40.437809,-86.9186001,173.9,2.0,200.0,0,314,159,True,inbound,3,5,2,2.35
2023-10-08 16:17:32.620349,1696796252.6203687,2023-10-08 20:17:32.619,1696796252.61938,-632621188,32.569,40.437805,-86.9186023,173.9,2.0,205.0,0,314,159,True,inbound,3,5,2,2.18
2023-10-08 16:17:32.820607,1696796252.820628,2023-10-08 20:17:32.819,1696796252.819623,-632621188,32.77,40.4378016,-86.9186048,173.9,2.0,209.0,0,314,159,True,inbound,3,5,2,2.13
2023-10-08 16:17:34.208556,1696796254.208572,2023-10-08 20:17:34.207,1696796254.207648,-632621188,34.158,40.4377824,-86.9186311,173.8,2.0,243.0,0,314,159,True,insideIntersectionBox,0,0,0,0.0
2023-10-08 16:17:34.409175,1696796254.4091895,2023-10-08 20:17:34.408,1696796254.408165,-632621188,34.357,40.4377809,-86.9186362,173.8,2.0,248.0,0,314,159,True,insideIntersectionBox,0,0,0,0.0
2023-10-08 16:17:34.606978,1696796254.6069946,2023-10-08 20:17:34.606,1696796254.60618,-632621188,34.555,40.4377803,-86.9186395,173.9,2.0,253.0,0,314,159,True,insideIntersectionBox,0,0,0,0.0
2023-10-08 16:17:34.802473,1696796254.802487,2023-10-08 20:17:34.801,1696796254.80159,-632621188,34.751,40.4377795,-86.9186447,173.9,2.0,258.0,0,314,159,True,insideIntersectionBox,0,0,0,0.0
