log_timestamp_verbose,log_timestamp_posix,timestamp_verbose,timestamp_posix,minuteOfYear,msOfMinute,sequenceNumber,updateCount,regionalID,noOfRequest,intersectionID,r1_vehicleID,r1_msgCount,r1_basicVehicleRole,r1_inBoundLaneID,r1_ETA_Minute,r1_ETA_Second,r1_ETA_Duration,r1_priorityRequestStatus,r2_vehicleID,r2_msgCount,r2_basicVehicleRole,r2_inBoundLaneID,r2_ETA_Minute,r2_ETA_Second,r2_ETA_Duration,r2_priorityRequestStatus,r3_vehicleID,r3_msgCount,r3_basicVehicleRole,r3_inBoundLaneID,r3_ETA_Minute,r3_ETA_Second,r3_ETA_Duration,r3_priorityRequestStatus,r4_vehicleID,r4_msgCount,r4_basicVehicleRole,r4_inBoundLaneID,r4_ETA_Minute,r4_ETA_Second,r4_ETA_Duration,r4_priorityRequestStatus,r5_vehicleID,r5_msgCount,r5_basicVehicleRole,r5_inBoundLaneID,r5_ETA_Minute,r5_ETA_Second,r5_ETA_Duration,r5_priorityRequestStatus
2023-05-09 14:11:54.851369,1683655914.8513744,2023-05-09 18:11:54.851,1683655914.851225,185411,54000,1,1,0,1,2780,939524096,5,16,4,185411,55000,4,4
2023-05-09 14:11:55.870090,1683655915.8701036,2023-05-09 18:11:55.869,1683655915.869791,185411,55000,2,1,0,1,2780,939524096,5,16,4,185411,56000,4,4
2023-05-09 14:11:56.893925,1683655916.8939326,2023-05-09 18:11:56.893,1683655916.893682,185411,56000,3,1,0,1,2780,939524096,5,16,4,185411,57000,4,4
2023-05-09 14:11:57.917873,1683655917.9178784,2023-05-09 18:11:57.917,1683655917.917705,185411,57000,4,1,0,1,2780,939524096,5,16,4,185411,58000,4,4
2023-05-09 14:11:58.902083,1683655918.9020884,2023-05-09 18:11:58.901,1683655918.901935,185411,58000,5,2,0,1,2780,939524096,7,16,4,185411,59000,4,4
2023-05-09 14:11:59.933944,1683655919.9339497,2023-05-09 18:11:59.933,1683655919.933727,185411,59000,6,2,0,1,2780,939524096,7,16,4,185412,0,4,4
2023-05-09 14:12:00.957977,1683655920.9579878,2023-05-09 18:12:00.957,1683655920.957734,185412,0,7,2,0,1,2780,939524096,7,16,4,185412,1000,4,4
2023-05-09 14:12:01.981946,1683655921.981955,2023-05-09 18:12:01.981,1683655921.981711,185412,1000,8,2,0,1,2780,939524096,7,16,4,185412,2000,4,4
2023-05-09 14:12:02.955551,1683655922.9555557,2023-05-09 18:12:02.955,1683655922.955402,185412,2000,9,3,0,1,2780,939524096,9,16,4,185412,3000,4,4
2023-05-09 14:12:03.965931,1683655923.9659388,2023-05-09 18:12:03.965,1683655923.965747,185412,3000,10,3,0,1,2780,939524096,9,16,4,185412,4000,4,4
2023-05-09 14:12:04.989880,1683655924.9898882,2023-05-09 18:12:04.989,1683655924.989723,185412,4000,11,3,0,1,2780,939524096,9,16,4,185412,5000,4,4
2023-05-09 14:12:06.013890,1683655926.013901,2023-05-09 18:12:06.13,1683655926.013714,185412,6000,12,3,0,1,2780,939524096,9,16,4,185412,7000,4,4
2023-05-09 14:12:07.004754,1683655927.0047584,2023-05-09 18:12:07.4,1683655927.004661,185412,6000,13,4,0,1,2780,939524096,11,16,4,185412,7000,4,4
2023-05-09 14:12:08.029880,1683655928.029888,2023-05-09 18:12:08.29,1683655928.02972,185412,8000,14,4,0,1,2780,939524096,11,16,4,185412,9000,4,4
2023-05-09 14:12:09.053894,1683655929.0539064,2023-05-09 18:12:09.53,1683655929.053692,185412,9000,15,4,0,1,2780,939524096,11,16,4,185412,10000,4,4
2023-05-09 14:12:10.077977,1683655930.0779865,2023-05-09 18:12:10.77,1683655930.077724,185412,10000,16,4,0,1,2780,939524096,11,16,4,185412,11000,4,4
2023-05-09 14:12:11.055641,1683655931.0556464,2023-05-09 18:12:11.55,1683655931.055488,185412,11000,17,5,0,1,2780,939524096,13,16,4,185412,12000,4,4
2023-05-09 14:12:12.061872,1683655932.06188,2023-05-09 18:12:12.61,1683655932.061667,185412,12000,18,5,0,1,2780,939524096,13,16,4,185412,13000,4,4
2023-05-09 14:12:13.085814,1683655933.085821,2023-05-09 18:12:13.85,1683655933.085639,185412,13000,19,5,0,1,2780,939524096,13,16,4,185412,14000,4,4
2023-05-09 14:12:14.109889,1683655934.1098998,2023-05-09 18:12:14.109,1683655934.109646,185412,14000,20,5,0,1,2780,939524096,13,16,4,185412,15000,4,4
2023-05-09 14:12:15.107492,1683655935.1074975,2023-05-09 18:12:15.107,1683655935.107375,185412,15000,21,5,0,0,2780
2023-05-09 14:12:22.903296,1683655942.9033215,2023-05-09 18:12:22.903,1683655942.903145,185412,22000,22,6,0,1,2780,939524096,17,16,4,185412,23000,4,4
2023-05-09 14:12:23.933877,1683655943.9338832,2023-05-09 18:12:23.933,1683655943.933674,185412,23000,23,6,0,1,2780,939524096,17,16,4,185412,24000,4,4
2023-05-09 14:12:24.957964,1683655944.9579725,2023-05-09 18:12:24.957,1683655944.957712,185412,24000,24,6,0,1,2780,939524096,17,16,4,185412,25000,4,4
2023-05-09 14:12:25.981945,1683655945.9819548,2023-05-09 18:12:25.981,1683655945.981722,185412,25000,25,6,0,1,2780,939524096,17,16,4,185412,26000,4,4
2023-05-09 14:12:26.954652,1683655946.9546573,2023-05-09 18:12:26.954,1683655946.954524,185412,26000,26,7,0,1,2780,939524096,19,16,4,185412,27000,4,4
2023-05-09 14:12:27.965962,1683655947.9659698,2023-05-09 18:12:27.965,1683655947.96574,185412,27000,27,7,0,1,2780,939524096,19,16,4,185412,28000,4,4
2023-05-09 14:12:28.990005,1683655948.9900162,2023-05-09 18:12:28.989,1683655948.989753,185412,28000,28,7,0,1,2780,939524096,19,16,4,185412,29000,4,4
2023-05-09 14:12:30.014318,1683655950.0143402,2023-05-09 18:12:30.13,1683655950.01381,185412,30000,29,7,0,1,2780,939524096,19,16,4,185412,31000,4,4
2023-05-09 14:12:31.009250,1683655951.0092552,2023-05-09 18:12:31.9,1683655951.009107,185412,31000,30,8,0,1,2780,939524096,21,16,4,185412,32000,4,4
2023-05-09 14:12:32.029967,1683655952.029973,2023-05-09 18:12:32.29,1683655952.029749,185412,32000,31,8,0,1,2780,939524096,21,16,4,185412,33000,4,4
2023-05-09 14:12:33.053897,1683655953.053906,2023-05-09 18:12:33.53,1683655953.05368,185412,33000,32,8,0,1,2780,939524096,21,16,4,185412,34000,4,4
2023-05-09 14:12:34.077956,1683655954.0779684,2023-05-09 18:12:34.77,1683655954.077678,185412,34000,33,8,0,1,2780,939524096,21,16,4,185412,35000,4,4
2023-05-09 14:12:35.058065,1683655955.0580702,2023-05-09 18:12:35.57,1683655955.057895,185412,35000,34,9,0,1,2780,939524096,23,16,4,185412,36000,4,4
2023-05-09 14:12:36.062012,1683655956.0620253,2023-05-09 18:12:36.61,1683655956.061679,185412,36000,35,9,0,1,2780,939524096,23,16,4,185412,37000,4,4
2023-05-09 14:12:37.085957,1683655957.0859697,2023-05-09 18:12:37.85,1683655957.085654,185412,37000,36,9,0,1,2780,939524096,23,16,4,185412,38000,4,4
2023-05-09 14:12:38.110049,1683655958.1100621,2023-05-09 18:12:38.109,1683655958.109765,185412,38000,37,9,0,1,2780,939524096,23,16,4,185412,39000,4,4
2023-05-09 14:12:39.109691,1683655959.1096961,2023-05-09 18:12:39.109,1683655959.109549,185412,39000,38,10,0,1,2780,939524096,25,16,4,185412,40000,4,4
2023-05-09 14:12:40.125969,1683655960.125974,2023-05-09 18:12:40.125,1683655960.125716,185412,40000,39,10,0,1,2780,939524096,25,16,4,185412,41000,4,4
2023-05-09 14:12:41.149927,1683655961.149936,2023-05-09 18:12:41.149,1683655961.149772,185412,41000,40,10,0,1,2780,939524096,25,16,4,185412,42000,4,4
2023-05-09 14:12:42.173952,1683655962.1739619,2023-05-09 18:12:42.173,1683655962.173723,185412,42000,41,10,0,1,2780,939524096,25,16,4,185412,43000,4,4
2023-05-09 14:12:43.162688,1683655963.1626928,2023-05-09 18:12:43.162,1683655963.162516,185412,43000,42,11,0,1,2780,939524096,27,16,4,185412,44000,4,4
2023-05-09 14:12:44.189956,1683655964.1899645,2023-05-09 18:12:44.189,1683655964.189746,185412,44000,43,11,0,1,2780,939524096,27,16,4,185412,45000,4,4
2023-05-09 14:12:45.213945,1683655965.213956,2023-05-09 18:12:45.213,1683655965.213696,185412,45000,44,11,0,1,2780,939524096,27,16,4,185412,46000,4,4
2023-05-09 14:12:46.237901,1683655966.2379067,2023-05-09 18:12:46.237,1683655966.237664,185412,46000,45,11,0,1,2780,939524096,27,16,4,185412,47000,4,4
2023-05-09 14:12:47.210540,1683655967.2105448,2023-05-09 18:12:47.210,1683655967.210391,185412,47000,46,12,0,1,2780,939524096,29,16,4,185412,48000,4,4
2023-05-09 14:12:48.221905,1683655968.2219107,2023-05-09 18:12:48.221,1683655968.221681,185412,48000,47,12,0,1,2780,939524096,29,16,4,185412,49000,4,4
2023-05-09 14:12:49.245887,1683655969.2458997,2023-05-09 18:12:49.245,1683655969.245651,185412,49000,48,12,0,1,2780,939524096,29,16,4,185412,50000,4,4
2023-05-09 14:12:50.270010,1683655970.2700207,2023-05-09 18:12:50.269,1683655970.269756,185412,50000,49,12,0,1,2780,939524096,29,16,4,185412,51000,4,4
2023-05-09 14:12:51.265113,1683655971.2651184,2023-05-09 18:12:51.264,1683655971.264983,185412,51000,50,13,0,1,2780,939524096,31,16,4,185412,52000,4,4
2023-05-09 14:12:52.285959,1683655972.2859676,2023-05-09 18:12:52.285,1683655972.285682,185412,52000,51,13,0,1,2780,939524096,31,16,4,185412,53000,4,4
2023-05-09 14:12:53.309927,1683655973.3099358,2023-05-09 18:12:53.309,1683655973.309709,185412,53000,52,13,0,1,2780,939524096,31,16,4,185412,54000,4,4
2023-05-09 14:12:54.333933,1683655974.3339388,2023-05-09 18:12:54.333,1683655974.333738,185412,54000,53,13,0,1,2780,939524096,31,16,4,185412,55000,4,4
2023-05-09 14:12:55.315501,1683655975.315506,2023-05-09 18:12:55.315,1683655975.315346,185412,55000,54,14,0,1,2780,939524096,33,16,4,185412,56000,4,4
2023-05-09 14:12:56.317882,1683655976.3178868,2023-05-09 18:12:56.317,1683655976.317684,185412,56000,55,14,0,1,2780,939524096,33,16,4,185412,57000,4,4
2023-05-09 14:12:57.341980,1683655977.3419895,2023-05-09 18:12:57.341,1683655977.341746,185412,57000,56,14,0,1,2780,939524096,33,16,4,185412,58000,4,4
2023-05-09 14:12:58.369906,1683655978.3699162,2023-05-09 18:12:58.369,1683655978.369652,185412,58000,57,14,0,1,2780,939524096,33,16,4,185412,59000,4,4
2023-05-09 14:12:59.364053,1683655979.364058,2023-05-09 18:12:59.363,1683655979.363903,185412,59000,58,15,0,1,2780,939524096,35,16,4,185413,0,4,4
2023-05-09 14:13:00.381941,1683655980.3819485,2023-05-09 18:13:00.381,1683655980.381736,185413,0,59,15,0,1,2780,939524096,35,16,4,185413,1000,4,4
2023-05-09 14:13:01.406002,1683655981.4060135,2023-05-09 18:13:01.405,1683655981.405748,185413,1000,60,15,0,1,2780,939524096,35,16,4,185413,2000,4,4
2023-05-09 14:13:02.429942,1683655982.4299474,2023-05-09 18:13:02.429,1683655982.429741,185413,2000,61,15,0,1,2780,939524096,35,16,4,185413,3000,4,4
2023-05-09 14:13:03.414073,1683655983.4140782,2023-05-09 18:13:03.413,1683655983.41393,185413,3000,62,16,0,1,2780,939524096,37,16,4,185413,4000,4,4
2023-05-09 14:13:04.445894,1683655984.4459019,2023-05-09 18:13:04.445,1683655984.445654,185413,4000,63,16,0,1,2780,939524096,37,16,4,185413,5000,4,4
2023-05-09 14:13:05.469947,1683655985.4699562,2023-05-09 18:13:05.469,1683655985.469657,185413,5000,64,16,0,1,2780,939524096,37,16,4,185413,6000,4,4
2023-05-09 14:13:06.494002,1683655986.494014,2023-05-09 18:13:06.493,1683655986.493721,185413,6000,65,16,0,1,2780,939524096,37,16,4,185413,7000,4,4
2023-05-09 14:13:07.470241,1683655987.4702458,2023-05-09 18:13:07.470,1683655987.470103,185413,7000,66,17,0,1,2780,939524096,39,16,4,185413,8000,4,4
2023-05-09 14:13:08.477955,1683655988.4779663,2023-05-09 18:13:08.477,1683655988.477708,185413,8000,67,17,0,1,2780,939524096,39,16,4,185413,9000,4,4
2023-05-09 14:13:09.502019,1683655989.5020304,2023-05-09 18:13:09.501,1683655989.501754,185413,9000,68,17,0,1,2780,939524096,39,16,4,185413,10000,4,4
2023-05-09 14:13:10.525935,1683655990.5259404,2023-05-09 18:13:10.525,1683655990.525743,185413,10000,69,17,0,1,2780,939524096,39,16,4,185413,11000,4,4
2023-05-09 14:13:11.517425,1683655991.5174298,2023-05-09 18:13:11.517,1683655991.517286,185413,11000,70,18,0,1,2780,939524096,41,16,4,185413,12000,4,4
2023-05-09 14:13:12.541959,1683655992.5419824,2023-05-09 18:13:12.541,1683655992.541731,185413,12000,71,18,0,1,2780,939524096,41,16,4,185413,13000,4,4
2023-05-09 14:13:13.565954,1683655993.5659628,2023-05-09 18:13:13.565,1683655993.56573,185413,13000,72,18,0,1,2780,939524096,41,16,4,185413,14000,4,4
2023-05-09 14:13:14.590058,1683655994.590071,2023-05-09 18:13:14.589,1683655994.589819,185413,14000,73,18,0,1,2780,939524096,41,16,4,185413,15000,4,4
2023-05-09 14:13:15.572092,1683655995.5720975,2023-05-09 18:13:15.571,1683655995.571908,185413,15000,74,19,0,1,2780,939524096,43,16,4,185413,16000,4,4
2023-05-09 14:13:16.574086,1683655996.5741067,2023-05-09 18:13:16.573,1683655996.573786,185413,16000,75,19,0,1,2780,939524096,43,16,4,185413,17000,4,4
2023-05-09 14:13:17.598000,1683655997.5980098,2023-05-09 18:13:17.597,1683655997.59776,185413,17000,76,19,0,1,2780,939524096,43,16,4,185413,18000,4,4
2023-05-09 14:13:18.641841,1683655998.6418478,2023-05-09 18:13:18.621,1683655998.621739,185413,18000,77,19,0,1,2780,939524096,43,16,4,185413,19000,4,4
2023-05-09 14:13:19.625343,1683655999.6253486,2023-05-09 18:13:19.625,1683655999.625131,185413,19000,78,20,0,1,2780,939524096,45,16,4,185413,20000,4,4
2023-05-09 14:13:20.638093,1683656000.638102,2023-05-09 18:13:20.637,1683656000.63778,185413,20000,79,20,0,1,2780,939524096,45,16,4,185413,21000,4,4
2023-05-09 14:13:21.661985,1683656001.6619952,2023-05-09 18:13:21.661,1683656001.661661,185413,21000,80,20,0,1,2780,939524096,45,16,4,185413,22000,4,4
2023-05-09 14:13:22.685938,1683656002.6859474,2023-05-09 18:13:22.685,1683656002.68572,185413,22000,81,20,0,1,2780,939524096,45,16,4,185413,23000,4,4
2023-05-09 14:13:23.677223,1683656003.6772287,2023-05-09 18:13:23.677,1683656003.677042,185413,23000,82,21,0,1,2780,939524096,47,16,4,185413,24000,4,4
2023-05-09 14:13:24.701999,1683656004.7020118,2023-05-09 18:13:24.701,1683656004.701733,185413,24000,83,21,0,1,2780,939524096,47,16,4,185413,25000,4,4
2023-05-09 14:13:25.725981,1683656005.7259865,2023-05-09 18:13:25.725,1683656005.725772,185413,25000,84,21,0,1,2780,939524096,47,16,4,185413,26000,4,4
2023-05-09 14:13:26.749954,1683656006.749967,2023-05-09 18:13:26.749,1683656006.749751,185413,26000,85,21,0,1,2780,939524096,47,16,4,185413,27000,4,4
2023-05-09 14:13:27.732331,1683656007.732336,2023-05-09 18:13:27.732,1683656007.732199,185413,27000,86,22,0,1,2780,939524096,49,16,4,185413,28000,4,4
2023-05-09 14:13:28.733962,1683656008.7339687,2023-05-09 18:13:28.733,1683656008.733762,185413,28000,87,22,0,1,2780,939524096,49,16,4,185413,29000,4,4
2023-05-09 14:13:29.758010,1683656009.758018,2023-05-09 18:13:29.757,1683656009.75772,185413,29000,88,22,0,1,2780,939524096,49,16,4,185413,30000,4,4
2023-05-09 14:13:30.781992,1683656010.7820077,2023-05-09 18:13:30.781,1683656010.781751,185413,30000,89,22,0,1,2780,939524096,49,16,4,185413,31000,4,4
2023-05-09 14:13:31.781108,1683656011.781129,2023-05-09 18:13:31.780,1683656011.780958,185413,31000,90,23,0,1,2780,939524096,51,16,4,185413,32000,4,4
2023-05-09 14:13:32.797953,1683656012.7979627,2023-05-09 18:13:32.797,1683656012.797739,185413,32000,91,23,0,1,2780,939524096,51,16,4,185413,33000,4,4
2023-05-09 14:13:33.821946,1683656013.8219512,2023-05-09 18:13:33.821,1683656013.82176,185413,33000,92,23,0,1,2780,939524096,51,16,4,185413,34000,4,4
2023-05-09 14:13:34.845972,1683656014.845979,2023-05-09 18:13:34.845,1683656014.845781,185413,34000,93,23,0,1,2780,939524096,51,16,4,185413,35000,4,4
2023-05-09 14:13:35.832352,1683656015.8323572,2023-05-09 18:13:35.832,1683656015.832154,185413,35000,94,24,0,1,2780,939524096,53,16,4,185413,36000,4,4
2023-05-09 14:13:36.861970,1683656016.861978,2023-05-09 18:13:36.861,1683656016.861759,185413,36000,95,24,0,1,2780,939524096,53,16,4,185413,37000,4,4
2023-05-09 14:13:37.885976,1683656017.8859844,2023-05-09 18:13:37.885,1683656017.88576,185413,37000,96,24,0,1,2780,939524096,53,16,4,185413,38000,4,4
2023-05-09 14:13:38.910022,1683656018.9100327,2023-05-09 18:13:38.909,1683656018.909775,185413,38000,97,24,0,1,2780,939524096,53,16,4,185413,39000,4,4
2023-05-09 14:13:39.888602,1683656019.8886144,2023-05-09 18:13:39.888,1683656019.888434,185413,39000,98,25,0,1,2780,939524096,55,16,4,185413,40000,4,4
2023-05-09 14:13:40.893964,1683656020.8939755,2023-05-09 18:13:40.893,1683656020.893786,185413,40000,99,25,0,1,2780,939524096,55,16,4,185413,41000,4,4
2023-05-09 14:13:41.917805,1683656021.9178107,2023-05-09 18:13:41.917,1683656021.917669,185413,41000,100,25,0,1,2780,939524096,55,16,4,185413,42000,4,4
2023-05-09 14:13:42.941981,1683656022.9419887,2023-05-09 18:13:42.941,1683656022.941798,185413,42000,101,25,0,1,2780,939524096,55,16,4,185413,43000,4,4
2023-05-09 14:13:43.965922,1683656023.9659312,2023-05-09 18:13:43.965,1683656023.965708,185413,43000,102,25,0,1,2780,939524096,55,16,4,185413,44000,4,4
2023-05-09 14:13:44.989939,1683656024.9899497,2023-05-09 18:13:44.989,1683656024.989745,185413,44000,103,25,0,1,2780,939524096,55,16,4,185413,45000,4,4
2023-05-09 14:13:46.014028,1683656026.0140395,2023-05-09 18:13:46.13,1683656026.013757,185413,46000,104,25,0,1,2780,939524096,55,16,4,185413,47000,4,4
2023-05-09 14:13:46.981773,1683656026.9817784,2023-05-09 18:13:46.981,1683656026.981645,185413,46000,105,26,0,1,2780,939524096,57,16,5,185413,47000,4,4
2023-05-09 14:13:47.997961,1683656027.9979715,2023-05-09 18:13:47.997,1683656027.997751,185413,47000,106,26,0,1,2780,939524096,57,16,5,185413,48000,4,4
2023-05-09 14:13:49.021957,1683656029.0219622,2023-05-09 18:13:49.21,1683656029.021751,185413,49000,107,26,0,1,2780,939524096,57,16,5,185413,50000,4,4
2023-05-09 14:13:50.045949,1683656030.0459552,2023-05-09 18:13:50.45,1683656030.045721,185413,50000,108,26,0,1,2780,939524096,57,16,5,185413,51000,4,4
2023-05-09 14:13:51.034282,1683656031.0342877,2023-05-09 18:13:51.34,1683656031.034143,185413,51000,109,27,0,1,2780,939524096,59,16,4,185413,52000,4,4
2023-05-09 14:13:52.061973,1683656032.0619826,2023-05-09 18:13:52.61,1683656032.061764,185413,52000,110,27,0,1,2780,939524096,59,16,4,185413,53000,4,4
2023-05-09 14:13:53.086152,1683656033.0861712,2023-05-09 18:13:53.85,1683656033.085798,185413,53000,111,27,0,1,2780,939524096,59,16,4,185413,54000,4,4
2023-05-09 14:13:54.110030,1683656034.1100419,2023-05-09 18:13:54.109,1683656034.109754,185413,54000,112,27,0,1,2780,939524096,59,16,4,185413,55000,4,4
2023-05-09 14:13:55.081749,1683656035.0817547,2023-05-09 18:13:55.81,1683656035.081591,185413,55000,113,28,0,1,2780,939524096,61,16,4,185413,56000,4,4
2023-05-09 14:13:56.093985,1683656036.0939965,2023-05-09 18:13:56.93,1683656036.093731,185413,56000,114,28,0,1,2780,939524096,61,16,4,185413,57000,4,4
2023-05-09 14:13:57.117945,1683656037.11795,2023-05-09 18:13:57.117,1683656037.117737,185413,57000,115,28,0,1,2780,939524096,61,16,4,185413,58000,4,4
2023-05-09 14:13:58.141984,1683656038.1419916,2023-05-09 18:13:58.141,1683656038.141769,185413,58000,116,28,0,1,2780,939524096,61,16,4,185413,59000,4,4
2023-05-09 14:13:59.146564,1683656039.1465857,2023-05-09 18:13:59.146,1683656039.146338,185413,59000,117,29,0,1,2780,939524096,63,16,4,185414,0,4,4
2023-05-09 14:14:00.161893,1683656040.161903,2023-05-09 18:14:00.161,1683656040.161676,185414,0,118,29,0,1,2780,939524096,63,16,4,185414,1000,4,4
2023-05-09 14:14:01.181931,1683656041.1819394,2023-05-09 18:14:01.181,1683656041.18172,185414,1000,119,29,0,1,2780,939524096,63,16,4,185414,2000,4,4
2023-05-09 14:14:02.205958,1683656042.2059677,2023-05-09 18:14:02.205,1683656042.20574,185414,2000,120,29,0,1,2780,939524096,63,16,4,185414,3000,4,4
2023-05-09 14:14:03.191173,1683656043.1911788,2023-05-09 18:14:03.191,1683656043.191021,185414,3000,121,30,0,1,2780,939524096,65,16,4,185414,4000,4,4
2023-05-09 14:14:04.221955,1683656044.2219603,2023-05-09 18:14:04.221,1683656044.22174,185414,4000,122,30,0,1,2780,939524096,65,16,4,185414,5000,4,4
2023-05-09 14:14:05.246006,1683656045.2460153,2023-05-09 18:14:05.245,1683656045.245782,185414,5000,123,30,0,1,2780,939524096,65,16,4,185414,6000,4,4
2023-05-09 14:14:06.269974,1683656046.2699835,2023-05-09 18:14:06.269,1683656046.269739,185414,6000,124,30,0,1,2780,939524096,65,16,4,185414,7000,4,4
2023-05-09 14:14:07.243892,1683656047.2438977,2023-05-09 18:14:07.243,1683656047.243616,185414,7000,125,31,0,1,2780,939524096,67,16,4,185414,8000,4,4
2023-05-09 14:14:08.253950,1683656048.2539587,2023-05-09 18:14:08.253,1683656048.253727,185414,8000,126,31,0,1,2780,939524096,67,16,4,185414,9000,4,4
2023-05-09 14:14:09.277951,1683656049.2779603,2023-05-09 18:14:09.277,1683656049.277745,185414,9000,127,31,0,1,2780,939524096,67,16,4,185414,10000,4,4
2023-05-09 14:14:10.302009,1683656050.302019,2023-05-09 18:14:10.301,1683656050.301789,185414,10000,1,31,0,1,2780,939524096,67,16,4,185414,11000,4,4
2023-05-09 14:14:11.295151,1683656051.295154,2023-05-09 18:14:11.295,1683656051.295008,185414,11000,2,32,0,1,2780,939524096,69,16,4,185414,12000,4,4
2023-05-09 14:14:12.317925,1683656052.3179307,2023-05-09 18:14:12.317,1683656052.317705,185414,12000,3,32,0,1,2780,939524096,69,16,4,185414,13000,4,4
2023-05-09 14:14:13.342031,1683656053.342038,2023-05-09 18:14:13.341,1683656053.341747,185414,13000,4,32,0,1,2780,939524096,69,16,4,185414,14000,4,4
2023-05-09 14:14:14.366051,1683656054.3660614,2023-05-09 18:14:14.365,1683656054.365773,185414,14000,5,32,0,1,2780,939524096,69,16,4,185414,15000,4,4
2023-05-09 14:14:15.352897,1683656055.352903,2023-05-09 18:14:15.352,1683656055.352707,185414,15000,6,33,0,1,2780,939524096,71,16,4,185414,16000,4,4
2023-05-09 14:14:16.381933,1683656056.3819404,2023-05-09 18:14:16.381,1683656056.381709,185414,16000,7,33,0,1,2780,939524096,71,16,4,185414,17000,4,4
2023-05-09 14:14:17.405847,1683656057.4058573,2023-05-09 18:14:17.405,1683656057.405634,185414,17000,8,33,0,1,2780,939524096,71,16,4,185414,18000,4,4
2023-05-09 14:14:18.430054,1683656058.4300637,2023-05-09 18:14:18.429,1683656058.429686,185414,18000,9,33,0,1,2780,939524096,71,16,4,185414,19000,4,4
2023-05-09 14:14:19.396753,1683656059.396759,2023-05-09 18:14:19.396,1683656059.396572,185414,19000,10,34,0,1,2780,939524096,73,16,4,185414,20000,4,4
2023-05-09 14:14:20.413906,1683656060.4139187,2023-05-09 18:14:20.413,1683656060.413655,185414,20000,11,34,0,1,2780,939524096,73,16,4,185414,21000,4,4
2023-05-09 14:14:21.438040,1683656061.4380527,2023-05-09 18:14:21.437,1683656061.437766,185414,21000,12,34,0,1,2780,939524096,73,16,4,185414,22000,4,4
2023-05-09 14:14:22.461918,1683656062.4619277,2023-05-09 18:14:22.461,1683656062.461658,185414,22000,13,34,0,1,2780,939524096,73,16,4,185414,23000,4,4
2023-05-09 14:14:23.453533,1683656063.4535356,2023-05-09 18:14:23.453,1683656063.453364,185414,23000,14,35,0,1,2780,939524096,75,16,4,185414,24000,4,4
2023-05-09 14:14:24.478344,1683656064.4783554,2023-05-09 18:14:24.477,1683656064.477844,185414,24000,15,35,0,1,2780,939524096,75,16,4,185414,25000,4,4
2023-05-09 14:14:25.502069,1683656065.5020833,2023-05-09 18:14:25.501,1683656065.501796,185414,25000,16,35,0,1,2780,939524096,75,16,4,185414,26000,4,4
2023-05-09 14:14:26.525969,1683656066.5259814,2023-05-09 18:14:26.525,1683656066.525764,185414,26000,17,35,0,1,2780,939524096,75,16,4,185414,27000,4,4
2023-05-09 14:14:27.499079,1683656067.499082,2023-05-09 18:14:27.498,1683656067.498966,185414,27000,18,36,0,1,2780,939524096,77,16,4,185414,28000,4,4
2023-05-09 14:14:28.510047,1683656068.51006,2023-05-09 18:14:28.509,1683656068.509685,185414,28000,19,36,0,1,2780,939524096,77,16,4,185414,29000,4,4
2023-05-09 14:14:29.533981,1683656069.5339878,2023-05-09 18:14:29.533,1683656069.533771,185414,29000,20,36,0,1,2780,939524096,77,16,4,185414,30000,4,4
2023-05-09 14:14:30.558020,1683656070.5580328,2023-05-09 18:14:30.557,1683656070.557737,185414,30000,21,36,0,1,2780,939524096,77,16,4,185414,31000,4,4
2023-05-09 14:14:31.553849,1683656071.5538547,2023-05-09 18:14:31.553,1683656071.553644,185414,31000,22,37,0,1,2780,939524096,79,16,4,185414,32000,4,4
2023-05-09 14:14:32.573855,1683656072.5738645,2023-05-09 18:14:32.573,1683656072.573652,185414,32000,23,37,0,1,2780,939524096,79,16,4,185414,33000,4,4
2023-05-09 14:14:33.597915,1683656073.5979245,2023-05-09 18:14:33.597,1683656073.597684,185414,33000,24,37,0,1,2780,939524096,79,16,4,185414,34000,4,4
2023-05-09 14:14:34.622056,1683656074.6220615,2023-05-09 18:14:34.621,1683656074.621738,185414,34000,25,37,0,1,2780,939524096,79,16,4,185414,35000,4,4
2023-05-09 14:14:35.594810,1683656075.5948155,2023-05-09 18:14:35.594,1683656075.594601,185414,35000,26,38,0,1,2780,939524096,81,16,4,185414,36000,4,4
2023-05-09 14:14:36.606040,1683656076.60605,2023-05-09 18:14:36.605,1683656076.605718,185414,36000,27,38,0,1,2780,939524096,81,16,4,185414,37000,4,4
2023-05-09 14:14:37.629954,1683656077.629966,2023-05-09 18:14:37.629,1683656077.629672,185414,37000,28,38,0,1,2780,939524096,81,16,4,185414,38000,4,4
2023-05-09 14:14:38.653967,1683656078.6539783,2023-05-09 18:14:38.653,1683656078.653752,185414,38000,29,38,0,1,2780,939524096,81,16,4,185414,39000,4,4
2023-05-09 14:14:39.650446,1683656079.6504512,2023-05-09 18:14:39.650,1683656079.650279,185414,39000,30,39,0,1,2780,939524096,83,16,4,185414,40000,4,4
2023-05-09 14:14:40.669894,1683656080.6699023,2023-05-09 18:14:40.669,1683656080.669659,185414,40000,31,39,0,1,2780,939524096,83,16,4,185414,41000,4,4
2023-05-09 14:14:41.693919,1683656081.6939275,2023-05-09 18:14:41.693,1683656081.693678,185414,41000,32,39,0,1,2780,939524096,83,16,4,185414,42000,4,4
2023-05-09 14:14:42.717879,1683656082.717886,2023-05-09 18:14:42.717,1683656082.717656,185414,42000,33,39,0,1,2780,939524096,83,16,4,185414,43000,4,4
2023-05-09 14:14:43.692763,1683656083.6927767,2023-05-09 18:14:43.692,1683656083.692538,185414,43000,34,40,0,1,2780,939524096,85,16,4,185414,44000,4,4
2023-05-09 14:14:44.701954,1683656084.7019632,2023-05-09 18:14:44.701,1683656084.701675,185414,44000,35,40,0,1,2780,939524096,85,16,4,185414,45000,4,4
2023-05-09 14:14:45.725922,1683656085.7259276,2023-05-09 18:14:45.725,1683656085.725742,185414,45000,36,40,0,1,2780,939524096,85,16,4,185414,46000,4,4
2023-05-09 14:14:46.749922,1683656086.7499323,2023-05-09 18:14:46.749,1683656086.749712,185414,46000,37,40,0,1,2780,939524096,85,16,4,185414,47000,4,4
2023-05-09 14:14:47.753186,1683656087.753191,2023-05-09 18:14:47.753,1683656087.753034,185414,47000,38,41,0,1,2780,939524096,87,16,4,185414,48000,4,4
2023-05-09 14:14:48.765922,1683656088.7659307,2023-05-09 18:14:48.765,1683656088.765697,185414,48000,39,41,0,1,2780,939524096,87,16,4,185414,49000,4,4
2023-05-09 14:14:49.789933,1683656089.7899427,2023-05-09 18:14:49.789,1683656089.789754,185414,49000,40,41,0,1,2780,939524096,87,16,4,185414,50000,4,4
2023-05-09 14:14:50.813974,1683656090.813985,2023-05-09 18:14:50.813,1683656090.813719,185414,50000,41,41,0,1,2780,939524096,87,16,4,185414,51000,4,4
2023-05-09 14:14:51.799749,1683656091.7997532,2023-05-09 18:14:51.799,1683656091.799615,185414,51000,42,42,0,1,2780,939524096,89,16,4,185414,52000,4,4
2023-05-09 14:14:52.829940,1683656092.829947,2023-05-09 18:14:52.829,1683656092.829754,185414,52000,43,42,0,1,2780,939524096,89,16,4,185414,53000,4,4
2023-05-09 14:14:53.853941,1683656093.8539503,2023-05-09 18:14:53.853,1683656093.85378,185414,53000,44,42,0,1,2780,939524096,89,16,4,185414,54000,4,4
2023-05-09 14:14:54.877879,1683656094.877891,2023-05-09 18:14:54.877,1683656094.877705,185414,54000,45,42,0,1,2780,939524096,89,16,4,185414,55000,4,4
2023-05-09 14:14:55.855079,1683656095.8550856,2023-05-09 18:14:55.854,1683656095.854963,185414,55000,46,43,0,1,2780,939524096,91,16,4,185414,56000,4,4
2023-05-09 14:14:56.865961,1683656096.8659728,2023-05-09 18:14:56.865,1683656096.865714,185414,56000,47,43,0,1,2780,939524096,91,16,4,185414,57000,4,4
2023-05-09 14:14:57.885953,1683656097.8859746,2023-05-09 18:14:57.885,1683656097.885693,185414,57000,48,43,0,1,2780,939524096,91,16,4,185414,58000,4,4
2023-05-09 14:14:58.909935,1683656098.9099479,2023-05-09 18:14:58.909,1683656098.909681,185414,58000,49,43,0,1,2780,939524096,91,16,4,185414,59000,4,4
2023-05-09 14:14:59.909515,1683656099.909519,2023-05-09 18:14:59.909,1683656099.909413,185414,59000,50,44,0,1,2780,939524096,93,16,4,185415,0,4,4
2023-05-09 14:15:00.925983,1683656100.9259892,2023-05-09 18:15:00.925,1683656100.925739,185415,0,51,44,0,1,2780,939524096,93,16,4,185415,1000,4,4
2023-05-09 14:15:01.949892,1683656101.949899,2023-05-09 18:15:01.949,1683656101.949659,185415,1000,52,44,0,1,2780,939524096,93,16,4,185415,2000,4,4
2023-05-09 14:15:02.974020,1683656102.9740329,2023-05-09 18:15:02.973,1683656102.973772,185415,2000,53,44,0,1,2780,939524096,93,16,4,185415,3000,4,4
2023-05-09 14:15:03.959097,1683656103.9591026,2023-05-09 18:15:03.958,1683656103.958855,185415,3000,54,45,0,1,2780,939524096,95,16,4,185415,4000,4,4
2023-05-09 14:15:04.990093,1683656104.9901056,2023-05-09 18:15:04.989,1683656104.989744,185415,4000,55,45,0,1,2780,939524096,95,16,4,185415,5000,4,4
2023-05-09 14:15:06.013993,1683656106.0140038,2023-05-09 18:15:06.13,1683656106.013741,185415,6000,56,45,0,1,2780,939524096,95,16,4,185415,7000,4,4
2023-05-09 14:15:07.037976,1683656107.037983,2023-05-09 18:15:07.37,1683656107.037756,185415,7000,57,45,0,1,2780,939524096,95,16,4,185415,8000,4,4
2023-05-09 14:15:07.300716,1683656107.3007216,2023-05-09 18:15:07.300,1683656107.300519,185415,7000,58,45,0,0,2780
2023-05-09 14:15:15.097974,1683656115.0979793,2023-05-09 18:15:15.97,1683656115.0978,185415,15000,59,46,0,1,2780,939524096,99,16,4,185415,16000,4,4
2023-05-09 14:15:16.125931,1683656116.1259367,2023-05-09 18:15:16.125,1683656116.12576,185415,16000,60,46,0,1,2780,939524096,99,16,4,185415,17000,4,4
2023-05-09 14:15:17.149949,1683656117.149956,2023-05-09 18:15:17.149,1683656117.149725,185415,17000,61,46,0,1,2780,939524096,99,16,4,185415,18000,4,4
2023-05-09 14:15:18.173889,1683656118.1738992,2023-05-09 18:15:18.173,1683656118.173653,185415,18000,62,46,0,1,2780,939524096,99,16,4,185415,19000,4,4
2023-05-09 14:15:19.159246,1683656119.1592526,2023-05-09 18:15:19.159,1683656119.159068,185415,19000,63,47,0,1,2780,939524096,101,16,4,185415,20000,4,4
2023-05-09 14:15:20.190034,1683656120.1900485,2023-05-09 18:15:20.189,1683656120.189745,185415,20000,64,47,0,1,2780,939524096,101,16,4,185415,21000,4,4
2023-05-09 14:15:21.213896,1683656121.2139087,2023-05-09 18:15:21.213,1683656121.213673,185415,21000,65,47,0,1,2780,939524096,101,16,4,185415,22000,4,4
2023-05-09 14:15:22.237872,1683656122.2378812,2023-05-09 18:15:22.237,1683656122.237659,185415,22000,66,47,0,1,2780,939524096,101,16,4,185415,23000,4,4
2023-05-09 14:15:23.218798,1683656123.2188032,2023-05-09 18:15:23.218,1683656123.218579,185415,23000,67,48,0,1,2780,939524096,103,16,4,185415,24000,4,4
2023-05-09 14:15:24.221932,1683656124.2219388,2023-05-09 18:15:24.221,1683656124.22176,185415,24000,68,48,0,1,2780,939524096,103,16,4,185415,25000,4,4
2023-05-09 14:15:25.245936,1683656125.245946,2023-05-09 18:15:25.245,1683656125.245671,185415,25000,69,48,0,1,2780,939524096,103,16,4,185415,26000,4,4
2023-05-09 14:15:26.270033,1683656126.2700367,2023-05-09 18:15:26.269,1683656126.269833,185415,26000,70,48,0,1,2780,939524096,103,16,4,185415,27000,4,4
2023-05-09 14:15:27.275337,1683656127.275344,2023-05-09 18:15:27.275,1683656127.275183,185415,27000,71,49,0,1,2780,939524096,105,16,4,185415,28000,4,4
2023-05-09 14:15:28.285988,1683656128.285998,2023-05-09 18:15:28.285,1683656128.28574,185415,28000,72,49,0,1,2780,939524096,105,16,4,185415,29000,4,4
2023-05-09 14:15:29.309949,1683656129.3099616,2023-05-09 18:15:29.309,1683656129.309736,185415,29000,73,49,0,1,2780,939524096,105,16,4,185415,30000,4,4
2023-05-09 14:15:30.333857,1683656130.3338652,2023-05-09 18:15:30.333,1683656130.33366,185415,30000,74,49,0,1,2780,939524096,105,16,4,185415,31000,4,4
2023-05-09 14:15:31.324680,1683656131.3247097,2023-05-09 18:15:31.324,1683656131.324483,185415,31000,75,50,0,1,2780,939524096,107,16,4,185415,32000,4,4
2023-05-09 14:15:32.349868,1683656132.3498757,2023-05-09 18:15:32.349,1683656132.349656,185415,32000,76,50,0,1,2780,939524096,107,16,4,185415,33000,4,4
2023-05-09 14:15:33.373994,1683656133.3740034,2023-05-09 18:15:33.373,1683656133.373715,185415,33000,77,50,0,1,2780,939524096,107,16,4,185415,34000,4,4
2023-05-09 14:15:34.398032,1683656134.3980412,2023-05-09 18:15:34.397,1683656134.397748,185415,34000,78,50,0,1,2780,939524096,107,16,4,185415,35000,4,4
2023-05-09 14:15:35.383000,1683656135.3830085,2023-05-09 18:15:35.382,1683656135.382743,185415,35000,79,51,0,1,2780,939524096,109,16,4,185415,36000,4,4
2023-05-09 14:15:36.413988,1683656136.4140003,2023-05-09 18:15:36.413,1683656136.413662,185415,36000,80,51,0,1,2780,939524096,109,16,4,185415,37000,4,4
2023-05-09 14:15:37.437984,1683656137.4379907,2023-05-09 18:15:37.437,1683656137.437753,185415,37000,81,51,0,1,2780,939524096,109,16,4,185415,38000,4,4
2023-05-09 14:15:38.461919,1683656138.4619298,2023-05-09 18:15:38.461,1683656138.461728,185415,38000,82,51,0,1,2780,939524096,109,16,4,185415,39000,4,4
2023-05-09 14:15:39.448035,1683656139.4480405,2023-05-09 18:15:39.447,1683656139.447905,185415,39000,83,52,0,1,2780,939524096,111,16,4,185415,40000,4,4
2023-05-09 14:15:40.478011,1683656140.4780235,2023-05-09 18:15:40.477,1683656140.477674,185415,40000,84,52,0,1,2780,939524096,111,16,4,185415,41000,4,4
2023-05-09 14:15:41.502154,1683656141.5021667,2023-05-09 18:15:41.501,1683656141.501789,185415,41000,85,52,0,1,2780,939524096,111,16,4,185415,42000,4,4
2023-05-09 14:15:42.525913,1683656142.5259182,2023-05-09 18:15:42.525,1683656142.525666,185415,42000,86,52,0,1,2780,939524096,111,16,4,185415,43000,4,4
2023-05-09 14:15:43.492074,1683656143.492079,2023-05-09 18:15:43.491,1683656143.491798,185415,43000,87,53,0,1,2780,939524096,113,16,4,185415,44000,4,4
2023-05-09 14:15:44.509999,1683656144.5100079,2023-05-09 18:15:44.509,1683656144.509759,185415,44000,88,53,0,1,2780,939524096,113,16,4,185415,45000,4,4
2023-05-09 14:15:45.533969,1683656145.5339825,2023-05-09 18:15:45.533,1683656145.533759,185415,45000,89,53,0,1,2780,939524096,113,16,4,185415,46000,4,4
2023-05-09 14:15:46.558012,1683656146.5580227,2023-05-09 18:15:46.557,1683656146.557759,185415,46000,90,53,0,1,2780,939524096,113,16,4,185415,47000,4,4
2023-05-09 14:15:47.547370,1683656147.5473757,2023-05-09 18:15:47.547,1683656147.547212,185415,47000,91,54,0,1,2780,939524096,115,16,4,185415,48000,4,4
2023-05-09 14:15:48.573947,1683656148.5739555,2023-05-09 18:15:48.573,1683656148.57372,185415,48000,92,54,0,1,2780,939524096,115,16,4,185415,49000,4,4
2023-05-09 14:15:49.597964,1683656149.5979733,2023-05-09 18:15:49.597,1683656149.59776,185415,49000,93,54,0,1,2780,939524096,115,16,4,185415,50000,4,4
2023-05-09 14:15:50.621952,1683656150.6219575,2023-05-09 18:15:50.621,1683656150.62173,185415,50000,94,54,0,1,2780,939524096,115,16,4,185415,51000,4,4
2023-05-09 14:15:51.592142,1683656151.592148,2023-05-09 18:15:51.591,1683656151.591919,185415,51000,95,55,0,1,2780,939524096,117,16,4,185415,52000,4,4
2023-05-09 14:15:52.605933,1683656152.6059492,2023-05-09 18:15:52.605,1683656152.605686,185415,52000,96,55,0,1,2780,939524096,117,16,4,185415,53000,4,4
2023-05-09 14:15:53.629977,1683656153.6299825,2023-05-09 18:15:53.629,1683656153.629741,185415,53000,97,55,0,1,2780,939524096,117,16,4,185415,54000,4,4
2023-05-09 14:15:54.654044,1683656154.6540577,2023-05-09 18:15:54.653,1683656154.653796,185415,54000,98,55,0,1,2780,939524096,117,16,4,185415,55000,4,4
2023-05-09 14:15:55.655745,1683656155.6557505,2023-05-09 18:15:55.655,1683656155.655621,185415,55000,99,56,0,1,2780,939524096,119,16,4,185415,56000,4,4
2023-05-09 14:15:56.669907,1683656156.669916,2023-05-09 18:15:56.669,1683656156.669736,185415,56000,100,56,0,1,2780,939524096,119,16,4,185415,57000,4,4
2023-05-09 14:15:57.694042,1683656157.6940577,2023-05-09 18:15:57.693,1683656157.693782,185415,57000,101,56,0,1,2780,939524096,119,16,4,185415,58000,4,4
2023-05-09 14:15:58.726441,1683656158.7264466,2023-05-09 18:15:58.717,1683656158.717657,185415,58000,102,56,0,1,2780,939524096,119,16,4,185415,59000,4,4
2023-05-09 14:15:59.702642,1683656159.7026474,2023-05-09 18:15:59.702,1683656159.702445,185415,59000,103,57,0,1,2780,939524096,121,16,4,185416,0,4,4
2023-05-09 14:16:00.733981,1683656160.7339876,2023-05-09 18:16:00.733,1683656160.733762,185416,0,104,57,0,1,2780,939524096,121,16,4,185416,1000,4,4
2023-05-09 14:16:01.757966,1683656161.7579744,2023-05-09 18:16:01.757,1683656161.757758,185416,1000,105,57,0,1,2780,939524096,121,16,4,185416,2000,4,4
2023-05-09 14:16:02.781928,1683656162.7819378,2023-05-09 18:16:02.781,1683656162.781692,185416,2000,106,57,0,1,2780,939524096,121,16,4,185416,3000,4,4
2023-05-09 14:16:03.763380,1683656163.7633848,2023-05-09 18:16:03.763,1683656163.763226,185416,3000,107,58,0,1,2780,939524096,123,16,4,185416,4000,4,4
2023-05-09 14:16:04.765931,1683656164.7659392,2023-05-09 18:16:04.765,1683656164.765752,185416,4000,108,58,0,1,2780,939524096,123,16,4,185416,5000,4,4
2023-05-09 14:16:05.790062,1683656165.790072,2023-05-09 18:16:05.789,1683656165.789764,185416,5000,109,58,0,1,2780,939524096,123,16,4,185416,6000,4,4
2023-05-09 14:16:06.814017,1683656166.8140275,2023-05-09 18:16:06.813,1683656166.81375,185416,6000,110,58,0,1,2780,939524096,123,16,4,185416,7000,4,4
2023-05-09 14:16:07.810219,1683656167.8102345,2023-05-09 18:16:07.809,1683656167.809842,185416,7000,111,59,0,1,2780,939524096,125,16,4,185416,8000,4,4
2023-05-09 14:16:08.829990,1683656168.8299968,2023-05-09 18:16:08.829,1683656168.829781,185416,8000,112,59,0,1,2780,939524096,125,16,4,185416,9000,4,4
2023-05-09 14:16:09.853924,1683656169.8539326,2023-05-09 18:16:09.853,1683656169.853757,185416,9000,113,59,0,1,2780,939524096,125,16,4,185416,10000,4,4
2023-05-09 14:16:10.877971,1683656170.8779812,2023-05-09 18:16:10.877,1683656170.877755,185416,10000,114,59,0,1,2780,939524096,125,16,4,185416,11000,4,4
2023-05-09 14:16:11.862555,1683656171.8625607,2023-05-09 18:16:11.862,1683656171.862408,185416,11000,115,60,0,1,2780,939524096,127,16,4,185416,12000,4,4
2023-05-09 14:16:12.893879,1683656172.8938868,2023-05-09 18:16:12.893,1683656172.893715,185416,12000,116,60,0,1,2780,939524096,127,16,4,185416,13000,4,4
2023-05-09 14:16:13.917992,1683656173.918005,2023-05-09 18:16:13.917,1683656173.917656,185416,13000,117,60,0,1,2780,939524096,127,16,4,185416,14000,4,4
2023-05-09 14:16:14.941869,1683656174.9418762,2023-05-09 18:16:14.941,1683656174.941642,185416,14000,118,60,0,1,2780,939524096,127,16,4,185416,15000,4,4
2023-05-09 14:16:15.907681,1683656175.907687,2023-05-09 18:16:15.907,1683656175.90749,185416,15000,119,61,0,1,2780,939524096,2,16,4,185416,16000,4,4
2023-05-09 14:16:16.926045,1683656176.9260507,2023-05-09 18:16:16.925,1683656176.925723,185416,16000,120,61,0,1,2780,939524096,2,16,4,185416,17000,4,4
2023-05-09 14:16:17.949867,1683656177.949875,2023-05-09 18:16:17.949,1683656177.949638,185416,17000,121,61,0,1,2780,939524096,2,16,4,185416,18000,4,4
2023-05-09 14:16:18.974018,1683656178.9740286,2023-05-09 18:16:18.973,1683656178.973738,185416,18000,122,61,0,1,2780,939524096,2,16,4,185416,19000,4,4
2023-05-09 14:16:19.959871,1683656179.959876,2023-05-09 18:16:19.959,1683656179.959673,185416,19000,123,62,0,1,2780,939524096,4,16,4,185416,20000,4,4
2023-05-09 14:16:20.989971,1683656180.9899802,2023-05-09 18:16:20.989,1683656180.989707,185416,20000,124,62,0,1,2780,939524096,4,16,4,185416,21000,4,4
2023-05-09 14:16:22.013983,1683656182.0139923,2023-05-09 18:16:22.13,1683656182.013752,185416,22000,125,62,0,1,2780,939524096,4,16,4,185416,23000,4,4
2023-05-09 14:16:23.037938,1683656183.0379436,2023-05-09 18:16:23.37,1683656183.037676,185416,23000,126,62,0,1,2780,939524096,4,16,4,185416,24000,4,4
2023-05-09 14:16:24.008956,1683656184.0089612,2023-05-09 18:16:24.8,1683656184.008665,185416,24000,127,63,0,1,2780,939524096,6,16,4,185416,25000,4,4
2023-05-09 14:16:25.021997,1683656185.0220032,2023-05-09 18:16:25.21,1683656185.021746,185416,25000,1,63,0,1,2780,939524096,6,16,4,185416,26000,4,4
2023-05-09 14:16:26.045985,1683656186.0459943,2023-05-09 18:16:26.45,1683656186.045729,185416,26000,2,63,0,1,2780,939524096,6,16,4,185416,27000,4,4
2023-05-09 14:16:27.069905,1683656187.069917,2023-05-09 18:16:27.69,1683656187.069665,185416,27000,3,63,0,1,2780,939524096,6,16,4,185416,28000,4,4
2023-05-09 14:16:28.064831,1683656188.0648358,2023-05-09 18:16:28.64,1683656188.064663,185416,28000,4,64,0,1,2780,939524096,8,16,4,185416,29000,4,4
2023-05-09 14:16:29.086115,1683656189.086125,2023-05-09 18:16:29.85,1683656189.085752,185416,29000,5,64,0,1,2780,939524096,8,16,4,185416,30000,4,4
2023-05-09 14:16:30.109889,1683656190.1098983,2023-05-09 18:16:30.109,1683656190.10972,185416,30000,6,64,0,1,2780,939524096,8,16,4,185416,31000,4,4
2023-05-09 14:16:31.133833,1683656191.1338387,2023-05-09 18:16:31.133,1683656191.133629,185416,31000,7,64,0,1,2780,939524096,8,16,4,185416,32000,4,4
2023-05-09 14:16:32.115530,1683656192.1155388,2023-05-09 18:16:32.115,1683656192.115243,185416,32000,8,65,0,1,2780,939524096,10,16,4,185416,33000,4,4
2023-05-09 14:16:33.117901,1683656193.117913,2023-05-09 18:16:33.117,1683656193.117647,185416,33000,9,65,0,1,2780,939524096,10,16,4,185416,34000,4,4
2023-05-09 14:16:34.141858,1683656194.141866,2023-05-09 18:16:34.141,1683656194.141639,185416,34000,10,65,0,1,2780,939524096,10,16,4,185416,35000,4,4
2023-05-09 14:16:35.165966,1683656195.1659763,2023-05-09 18:16:35.165,1683656195.165734,185416,35000,11,65,0,1,2780,939524096,10,16,4,185416,36000,4,4
2023-05-09 14:16:36.189999,1683656196.1900105,2023-05-09 18:16:36.189,1683656196.189756,185416,36000,12,65,0,1,2780,939524096,10,16,4,185416,37000,4,4
2023-05-09 14:16:37.214040,1683656197.2140498,2023-05-09 18:16:37.213,1683656197.213758,185416,37000,13,65,0,1,2780,939524096,10,16,4,185416,38000,4,4
2023-05-09 14:16:38.238200,1683656198.2382133,2023-05-09 18:16:38.237,1683656198.237788,185416,38000,14,65,0,1,2780,939524096,10,16,4,185416,39000,4,4
2023-05-09 14:16:39.206545,1683656199.2065501,2023-05-09 18:16:39.206,1683656199.206328,185416,39000,15,66,0,1,2780,939524096,12,16,5,185416,40000,4,4
2023-05-09 14:16:40.222079,1683656200.2220898,2023-05-09 18:16:40.221,1683656200.221765,185416,40000,16,66,0,1,2780,939524096,12,16,5,185416,41000,4,4
2023-05-09 14:16:41.245924,1683656201.2459307,2023-05-09 18:16:41.245,1683656201.245645,185416,41000,17,66,0,1,2780,939524096,12,16,5,185416,42000,4,4
2023-05-09 14:16:42.269940,1683656202.2699523,2023-05-09 18:16:42.269,1683656202.269656,185416,42000,18,66,0,1,2780,939524096,12,16,5,185416,43000,4,4
2023-05-09 14:16:43.259166,1683656203.2591712,2023-05-09 18:16:43.259,1683656203.25901,185416,43000,19,67,0,1,2780,939524096,14,16,4,185416,44000,4,4
2023-05-09 14:16:44.285961,1683656204.2859695,2023-05-09 18:16:44.285,1683656204.285722,185416,44000,20,67,0,1,2780,939524096,14,16,4,185416,45000,4,4
2023-05-09 14:16:45.310008,1683656205.3100286,2023-05-09 18:16:45.309,1683656205.309744,185416,45000,21,67,0,1,2780,939524096,14,16,4,185416,46000,4,4
2023-05-09 14:16:46.333924,1683656206.3339305,2023-05-09 18:16:46.333,1683656206.333713,185416,46000,22,67,0,1,2780,939524096,14,16,4,185416,47000,4,4
2023-05-09 14:16:47.307921,1683656207.3079262,2023-05-09 18:16:47.307,1683656207.307637,185416,47000,23,68,0,1,2780,939524096,16,16,4,185416,48000,4,4
2023-05-09 14:16:48.318013,1683656208.3180232,2023-05-09 18:16:48.317,1683656208.317758,185416,48000,24,68,0,1,2780,939524096,16,16,4,185416,49000,4,4
2023-05-09 14:16:49.342011,1683656209.342017,2023-05-09 18:16:49.341,1683656209.34175,185416,49000,25,68,0,1,2780,939524096,16,16,4,185416,50000,4,4
2023-05-09 14:16:50.365931,1683656210.365941,2023-05-09 18:16:50.365,1683656210.365675,185416,50000,26,68,0,1,2780,939524096,16,16,4,185416,51000,4,4
2023-05-09 14:16:51.359004,1683656211.3590095,2023-05-09 18:16:51.358,1683656211.358786,185416,51000,27,69,0,1,2780,939524096,18,16,4,185416,52000,4,4
2023-05-09 14:16:52.381976,1683656212.3819888,2023-05-09 18:16:52.381,1683656212.381729,185416,52000,28,69,0,1,2780,939524096,18,16,4,185416,53000,4,4
2023-05-09 14:16:53.405962,1683656213.4059713,2023-05-09 18:16:53.405,1683656213.405722,185416,53000,29,69,0,1,2780,939524096,18,16,4,185416,54000,4,4
2023-05-09 14:16:54.430044,1683656214.4300506,2023-05-09 18:16:54.429,1683656214.429794,185416,54000,30,69,0,1,2780,939524096,18,16,4,185416,55000,4,4
2023-05-09 14:16:55.409480,1683656215.4094858,2023-05-09 18:16:55.409,1683656215.409296,185416,55000,31,70,0,1,2780,939524096,20,16,4,185416,56000,4,4
2023-05-09 14:16:56.413842,1683656216.4138534,2023-05-09 18:16:56.413,1683656216.413659,185416,56000,32,70,0,1,2780,939524096,20,16,4,185416,57000,4,4
2023-05-09 14:16:57.437981,1683656217.4379873,2023-05-09 18:16:57.437,1683656217.437748,185416,57000,33,70,0,1,2780,939524096,20,16,4,185416,58000,4,4
2023-05-09 14:16:58.461952,1683656218.461972,2023-05-09 18:16:58.461,1683656218.46168,185416,58000,34,70,0,1,2780,939524096,20,16,4,185416,59000,4,4
2023-05-09 14:16:59.463749,1683656219.4637573,2023-05-09 18:16:59.463,1683656219.463595,185416,59000,35,71,0,1,2780,939524096,22,16,4,185417,0,4,4
2023-05-09 14:17:00.477934,1683656220.4779491,2023-05-09 18:17:00.477,1683656220.4777,185417,0,36,71,0,1,2780,939524096,22,16,4,185417,1000,4,4
2023-05-09 14:17:01.501864,1683656221.501876,2023-05-09 18:17:01.501,1683656221.501654,185417,1000,37,71,0,1,2780,939524096,22,16,4,185417,2000,4,4
2023-05-09 14:17:02.525900,1683656222.5259223,2023-05-09 18:17:02.525,1683656222.525735,185417,2000,38,71,0,1,2780,939524096,22,16,4,185417,3000,4,4
2023-05-09 14:17:03.549935,1683656223.5499418,2023-05-09 18:17:03.549,1683656223.549743,185417,3000,39,71,0,1,2780,939524096,22,16,4,185417,4000,4,4
2023-05-09 14:17:04.573971,1683656224.573981,2023-05-09 18:17:04.573,1683656224.573739,185417,4000,40,71,0,1,2780,939524096,22,16,4,185417,5000,4,4
2023-05-09 14:17:05.598082,1683656225.5980935,2023-05-09 18:17:05.597,1683656225.597779,185417,5000,41,71,0,1,2780,939524096,22,16,4,185417,6000,4,4
2023-05-09 14:17:06.621952,1683656226.6219575,2023-05-09 18:17:06.621,1683656226.621759,185417,6000,42,71,0,1,2780,939524096,22,16,4,185417,7000,4,4
2023-05-09 14:17:07.646009,1683656227.6460154,2023-05-09 18:17:07.645,1683656227.645766,185417,7000,43,71,0,1,2780,939524096,22,16,4,185417,8000,4,4
2023-05-09 14:17:08.670054,1683656228.6700668,2023-05-09 18:17:08.669,1683656228.669797,185417,8000,44,71,0,1,2780,939524096,22,16,4,185417,9000,4,4
2023-05-09 14:17:09.693948,1683656229.6939578,2023-05-09 18:17:09.693,1683656229.693771,185417,8000,45,71,0,0,2780
